174542,v
104969,dl
100748,t
87804,gtm
84614,z
84264,cid
83424,tid
81701,a
79402,_v
78637,_u
67194,ec
65558,sd
60993,id
59197,vp
58452,sr
58339,de
58305,ul
58258,_s
58254,url
58248,je
58168,_gid
58133,dt
54628,r
52295,fmt
51702,sw
51590,sh
49048,ev
47739,ts
47457,o
46696,if
45969,it
45398,rqm
45363,coo
44804,fbp
44145,aip
42986,cv
39689,guid
39573,random
38858,fst
38752,u_h
38752,u_w
38721,num
38712,u_his
38712,u_tz
38712,frm
38708,u_java
38708,u_nplug
38708,u_nmime
38708,sendb
38698,u_ah
38698,u_aw
38698,u_cd
38649,resp
37289,tiba
36384,is_vtc
35562,ipr
34715,rmt_tld
34022,async
24180,jid
23288,exp
22139,_r
21722,ea
21617,slf_rd
21027,ni
19857,el
18733,gcs
18675,pid
18644,width
18550,data
18147,h
17453,tm
17331,bg
16599,es
15578,height
14445,format
14045,itok
13660,google_cver
13098,w
13068,cd[DataLayer]
13068,cd[Meta]
13068,cd[OpenGraph]
13068,cd[Schema.org]
13068,cd[JSON-LD]
12991,u
12890,name
12698,google_push
12215,eid
12015,rl
11965,google_gid
11857,time
11755,ref
10902,google_nid
10577,p
9894,token
9867,mode
9552,k
9378,e
9292,cd
9113,rnd
8944,s
8852,gdpr
8767,cs
7779,sid
7692,cc
7513,b
7252,gdpr_consent
7208,pu
7151,ln
7097,q
7065,pi
7057,vi
7014,nc
6928,cts
6924,bfp
6684,d
6680,label
6662,cd1
6653,key
6625,event
6345,pb
6179,cd2
6171,cb
6131,mid
6099,type
5862,c
5691,ti
5607,uid
5567,m
5527,vid
4915,uach_m
4849,cd3
4779,did
4779,rn
4701,sv
4665,sc
4548,anchor
4529,evt
4508,Ver
4500,quality
4496,msclkid
4495,version
4494,vids
4479,ct
4457,tc
4406,lg
4399,lt
4380,tl
4345,ebcid
4325,us_privacy
4065,ig
4057,ct_cookie_present
4047,cd4
3987,dp
3985,rcu
3946,hn
3905,value
3899,rv
3666,auto
3643,hash
3635,cd5
3634,res
3468,f
3463,oe
3461,google_hm
3422,p_id
3396,event_id
3380,oh
3371,_nc_ht
3368,_nc_ohc
3344,p_user_id
3307,txn_id
3307,tw_sale_amount
3307,tw_order_quantity
3303,ccb
3303,events
3298,tw_iframe_status
3298,tw_document_href
3292,_nc_sid
3269,gdid
3238,_nc_cat
3215,external_user_id
3204,gjid
3173,li
3171,edm
3152,jk
3091,ce
3084,sig
3058,xai
3051,utmsr
3051,utmp
3041,fit
3025,utmr
3021,utmwv
3021,utmn
3021,utmhn
3021,utmul
3011,session
3008,utmac
3008,utmcc
3004,utmhid
3001,utmdt
2997,utmcs
2996,utmsc
2996,utmje
2996,utmfl
2941,utms
2921,utmvp
2920,utmht
2920,utmu
2912,client
2907,v2
2805,cm_dsp_id
2797,rt
2707,cd6
2706,cookie
2700,aid
2648,isIframe
2588,tz
2578,prev
2577,svisitor
2577,thirdParty
2577,pageURL
2577,pageViewId
2543,crop
2542,an_uid
2539,hl
2521,mw
2485,redirect
2443,x
2421,size
2414,la
2409,adroll_fpc
2409,arrfrr
2409,xid_ch
2401,redir
2393,ver
2362,_
2295,cd7
2266,js
2231,advertisable
2223,ei
2215,y
2191,ad
2189,ai
2157,expires
2154,luid
2119,pd
2117,ft
2101,title
2094,fi
2082,cpn
2081,sigh
2074,ccu
2035,cpi
2031,gcp
2027,lpi
2027,lvi
2026,ctc_id
2014,referrer
2007,cl
1976,urlfix
1929,j
1919,ns
1915,st
1908,sscte
1895,ht
1883,lang
1873,fs
1873,ocp_id
1805,cver
1802,C
1786,auid
1775,lvc
1771,app
1764,of
1752,vcode
1752,piggybackCookie
1744,g
1744,et
1738,cd8
1732,tv
1723,cg1
1710,cr
1708,muted
1693,cos
1689,vm
1676,len
1673,cmt
1673,cbr
1673,cbrver
1673,cplatform
1673,docid
1671,lact
1671,volume
1671,cplayer
1669,afmt
1653,sai
1652,euri
1637,partner_id
1627,bttype
1605,src
1602,ext
1594,user_id
1591,add
1581,rd
1574,idsite
1540,code
1540,fci
1529,_origin
1510,ww
1500,nid
1492,dsp_id
1465,rec
1464,wh
1452,_idts
1452,_idvc
1452,_idn
1452,gt_ms
1443,oid
1441,liSync
1399,fbs_aeid
1386,npa
1384,cd9
1383,omid
1383,rm
1383,ctpt
1383,cisv
1359,bw
1356,i
1349,put
1347,_viewts
1345,google_ula
1335,center
1332,cstd
1313,mh
1311,action_name
1303,count
1297,pt
1279,accountid
1278,CtsSyncId
1266,par[0]
1266,par[1]
1237,_refts
1230,bh
1222,l
1220,cu
1212,send_image
1211,ud[external_id]
1210,_id
1209,dongle
1197,xuid
1197,cd10
1196,entity
1170,rand
1162,page
1154,pv_id
1151,gcu
1149,bgcolor
1135,state
1131,dns
1125,idpj
1125,ldpj
1111,ssl
1075,tr
1071,publisher_dsp_id
1061,template_id
1058,rtn
1053,rfc
1051,rev
1042,srt
1039,aij
1037,dtm
1036,location
1029,clt
1027,plt
1027,pdt
1027,tcp
1027,dit
1027,_gbt
1025,_gst
1024,autoplay
1022,sfvrsn
1021,rrt
1012,ds
1004,domain
979,linkid
955,c1
940,kw
932,splay
932,.yp
931,duid
926,fp
921,seg
913,n
911,timestamp
906,dr
897,nwid
893,partnerid
892,cd20
887,esig
887,sigv
887,host
883,cd11
877,_cst
877,_cbt
874,partneruserid
871,cd16
863,dpo
863,dpoco
863,dpost
845,cd13
844,v0
843,loc
840,cg2
838,addtl_consent
831,list
827,ssp
823,cx
819,campaignid
802,party
798,il1pi1id
798,il1pi1nm
794,cbvp
794,partner_device_id
782,taboola_hm
777,srv
774,blur
774,mtime
769,cropmode
764,blog
764,post
759,ch
758,account_id
757,fcp
754,ut
743,uuid
743,se_va
734,cd14
729,vt
724,partner_uid
714,cd15
712,il1pi1ca
699,delay
698,tagid
694,zoneid
693,dett
692,rdf
692,file
689,https://dis.criteo.com/dis/rtb/appnexus/cookiematch.aspx?appnxsid
689,bannerid
687,dbm_b
674,il1pi1ps
673,v3
671,cd19
668,ixlib
664,rti
657,il1nm
656,source
652,ar
648,ph
645,RedC
645,MXFR
643,par[2]
641,cd21
634,in
633,MUID
632,_utma
632,_utmz
632,_utmht
631,fm
622,ed
620,tag_format
620,tag_action
620,v5
619,partnerId
618,appnxsid
616,pdid
613,final
612,par[3]
611,ttd_pid
611,prhg
610,dtpt
608,cd12
607,v6
600,ttd_tpi
599,image
598,CC
594,user_group
589,ovsid
587,bidder_id
578,cd22
575,partner
566,action
566,lid
561,cry
561,bust
558,dh
550,bid
549,pf
548,fexp
546,mos
542,cd[post_type]
538,bidder_uuid
537,cdsp
534,promo1nm
533,cd17
532,il1pi2id
532,il1pi2nm
532,lfi
529,v8
528,dw
525,v1
524,site
521,urlref
520,fp-x
519,adv_id
519,cd18
519,fp-y
515,item
514,zc
513,account
512,aspect
511,il1pi3id
511,v25
510,il1pi3nm
508,Signature
508,AQB
508,ndh
508,AQE
505,gtmcb
505,promo1ps
503,ru
501,il1pi1pr
495,tn
495,pw
494,ign
491,s2
487,cd[plugin]
487,dpr
483,il1pi2ps
483,marketerId
483,obApiVersion
483,obtpVersion
483,optOut
482,cd[content_type]
480,rect
471,adv
470,cd[post_id]
470,scale
464,puid
464,cq
463,promo1id
462,tpid
462,t0
461,il1pi3ps
459,pageName
458,v21
454,v20
453,il1pi2ca
453,v26
452,im
449,verify
448,il1pi4id
448,cd[user_role]
448,promo1cr
448,sn
447,il1pi4nm
447,hostname
445,v24
445,pgrp
445,tsrce
445,comp
443,v23
443,c0
442,sub_component
442,rosetta_language
442,completeurl
441,cd[content_ids]
440,cd[event_url]
440,v27
439,cd[page_title]
439,s1
436,v22
432,il1pi3ca
427,s4
427,s9
427,s11
427,s7
427,s3
425,cg3
424,ourl
424,autoonclick
423,tag
420,sessionID
418,env
416,pl
413,e0
413,ci0
413,p0
413,u0
412,val
412,cls
412,context
411,dspInit
411,dspCookie
408,cp
408,se_ca
407,utmjid
407,utmredir
407,html5
407,video_id
407,ptk
407,pltype
404,mcorgid
403,platform
402,maxsidesize
401,gcd
400,enc
399,c2
399,il1pi1br
399,il1pi4ps
398,referer
395,Width
395,siteid
394,cd[source]
394,se_ac
393,pub
392,script
392,ixi
391,aamlh
389,uap
389,uapv
389,uaa
389,uam
389,uafv
389,uab
388,product
386,bgai
385,tzo
385,expiration
385,Key-Pair-Id
382,rid
379,il1pi4ca
379,yv
379,publisher
378,sm
376,fcmp
375,bidder
371,img_pview
369,gdpr_pd
369,sop
369,abi
365,session_id
364,rc
363,il1pi2pr
363,group
362,mt_exid
362,fcmpv2
362,site_id
354,pm
352,3pid
352,par[4]
349,at
349,il1pi2br
349,utc
349,utv
349,utt
349,_biz_u
349,_biz_s
349,_biz_l
349,_biz_t
349,cdn_o
349,_biz_z
349,s3region
349,s3rootdir
349,cropped
347,aamb
346,axd_pid
344,il1pi3pr
344,t_cstart
344,t_start
344,t_domcontent
344,t_layout
344,t_onload
344,t_paint
344,t_creport
344,t_tti
344,partner_name
343,mrid
342,rs
340,_biz_i
340,Expires
338,px
337,cd[version]
337,cd[pluginVersion]
336,target
336,player
335,axd_fuid
332,cm1
331,il1pi3br
331,sub
331,qt
330,ps
330,cache
328,exid
328,utl
325,visitor_id
323,userId
323,Image
321,qs
321,message
321,Height
321,preset
320,description
320,fn
317,currency_code
313,cd[content_name]
313,resize
313,cn
312,reqid
311,source_user_id
311,par[5]
309,tpmn_nid
309,tpmn_buid
307,source_id
307,tagmgr
307,Format
306,il1pi4pr
305,cburl
301,src.visitorid
300,watermark
299,destination
297,_biz_n
295,redirect_provider_id
295,Crop
293,rf
293,cd35
292,pv
292,p1
292,platform_version
292,player_name
291,utme
291,via
290,src.rand
290,re
290,img
290,colorquant
289,ot
288,profile
287,button_count
287,follow_count
287,pin_count
287,profile_count
287,board_count
287,section_count
287,nvl
286,cparams
286,vis
285,seq
284,ADFPageName
284,ADFdivider
282,ttd_puid
280,il1pi4br
280,se_la
274,usr
274,obj
270,jsv
270,zid
269,il1pi5id
268,il1pi5nm
268,integration
268,opt_out
266,_biz_h
264,Quality
263,promo2nm
263,a_id
261,wmid
258,R
258,origin
257,redir-setuniq
257,bt
257,V
256,promo2id
256,W
254,cd30
254,optin
253,c7
253,promo2ps
253,promo3nm
253,li0
253,imgid
251,iar
251,cd[value]
251,fltp
251,g0
251,g1
251,I
251,E
251,ag
249,ld
248,vn
248,t1
247,promo3id
245,autonav
244,kid
244,cd40
244,dnt
243,dsp_callback
241,promo3ps
240,ss
240,bidder_uid
240,u_c1
240,m_sl
240,m_rd
240,m_pi
240,m_ic
238,tt
238,intg
237,cd[traffic_source]
237,cd[event_day]
237,cd[event_month]
237,cg4
236,il1pi5ps
236,publisher_user_id
235,cd[currency]
235,upscale
234,payload
234,v4
233,publisher_call_type
232,c8
232,nonce
231,publisher_redirecturl
230,ex
230,cd[event_time]
230,cd[landing_page]
229,viaSrc
229,sl
228,en
228,org_id
227,cd[segment_eid]
226,access_token
226,alt
225,v9
225,promo2cr
222,su
222,epr
221,tpuid
221,mt
220,_test
220,il1pi6nm
220,cd24
219,il1pi6id
219,vl
219,il1pi5pr
219,cd53
218,u1
217,apid
217,iframe
217,SWKMTFSR
216,ck
215,dn
215,il1pi5ca
215,frame_height
215,frame_width
215,time_zone_offset
215,screen_params
215,java_enabled
215,cookie_enabled
215,host_url
215,random_number
215,sess_cookie
215,sess_cookie_flag
215,user_cookie
215,user_cookie_flag
215,dynamic
215,user_lang
214,utmt
214,promo3cr
214,bcdv
214,e1
212,hc
212,ci1
211,nocache
210,utmgtm
210,gdpr_err
210,depp
209,pp_mix
209,pp_max
209,pp_miy
209,pp_may
209,fid
208,tna
207,java
204,cd25
204,cd31
203,ci
202,level
202,contain
201,bidswitch_ssp_id
201,os
199,nca
199,logld
198,v7
197,rurl
197,lv
197,pdf
197,wma
197,fla
196,uri
196,cd28
196,cd32
195,tabname
195,properties
195,recent_logs
195,li1
194,pe
191,promo4nm
191,ms
190,dsp
189,eventType
189,link
187,https://cm.g.doubleclick.net/pixel?google_nid
187,il1pi6ps
186,sct
186,cd54
185,cd39
185,cd23
184,promo4id
184,realp
184,dir
184,gears
184,dwac
183,consent
183,stc
183,conversation_id
183,bucket
183,X-Amz-Algorithm
183,X-Amz-Credential
183,X-Amz-Date
183,X-Amz-Expires
183,X-Amz-SignedHeaders
183,X-Amz-Signature
182,sqp
181,promo4ps
181,dw_dnt
180,fps
179,__user_check__
179,sync_id
179,rb
178,future
178,hcid
176,pa
176,zdid
176,gl
176,screen
176,nu
175,n_one_v
175,axd_cuid
175,il1pi6pr
174,m_pl
174,pps
174,bc
173,crid
173,pageurl
173,cache-buster
173,coords_hash
171,ptype
171,ext_id
171,ra
171,cd55
170,il1pi6ca
170,cd27
169,__lcVR
169,__lcVT
169,__ddvc
169,__ddsc
169,lo
168,customer
168,region
168,clientdatetime
167,noscript
167,server
167,id_mid_4
166,forward
166,pidt
165,ca
163,promo4cr
163,ac
163,service
163,asId
163,google_gm
162,ref2
162,heightratio
161,groupId
161,brand
161,cd26
161,co
160,memo
159,process
159,ttf
159,tts
159,ttse
159,p2
159,eID
158,previous_uuid
158,promo5nm
158,cd33
158,as
157,_li_chk
157,cd38
156,dc
156,mt_exuid
156,refDomain
156,cd34
155,img_id
155,il1pi5br
155,usqp
155,par[6]
155,nt
155,sid2
155,sid3
155,akwebp
154,zpartnerid
154,ur0
153,promo6nm
153,ua
153,pvid
152,uu
152,ti0
152,fd
151,cd[content_category]
151,sa
151,promo5id
151,date
151,nvc
149,cd[language]
149,flag_consume
149,focal
148,tp
148,promo5ps
148,vw
147,v11
147,pageIDType
146,vs
146,plc
146,promo6id
146,promo6ps
146,dspuuid
146,eTime
146,to
146,sfrm
145,refr
145,allow-optimize
145,interlace
144,color
144,rk
144,lm
143,pr1nm
142,msg
142,href
142,po
142,language
142,mlid
141,il1pi7id
141,cg5
141,cd44
140,il1pi7nm
140,promo5cr
140,utmmt
140,br
140,td
139,pli
139,cme
139,tg
139,nodeguid
138,vk
137,v33
137,ccp
137,eb
137,emi
137,lsa
137,pbd
137,pbr
137,pgi
137,pii
137,prc
137,pss
137,pyc
137,sdk
137,stpe
137,wd
137,promo6cr
137,promo7nm
137,pr
137,box_crop
136,erc
136,flc
136,an
135,il1pi7ps
135,vendor
135,Compression
135,v14
134,ns_c
134,c9
134,v12
134,ord
134,sp
134,X-Amz-Content-Sha256
133,pr1id
133,_cache
133,promo7ps
133,stm
132,backend
132,cname
132,text
132,lossy
131,iw
131,cgi
131,rmch
131,amp
131,cd29
131,vb
130,ns__t
130,ih
130,cad
130,strip
130,variant
129,placementid
129,adk
129,c3
129,sjrn_id
129,c10
128,_nc_oc
128,promo7id
128,promo8nm
127,ref_url
127,new
127,cd43
127,fill
127,slimmage
126,xid
126,smid
126,pn
126,method
125,pogt
125,promo7cr
125,userid
125,ab
124,pr1ca
124,promo8ps
124,page_url
124,adex_consent_hash
124,player_id
123,adform_pid
123,adform_pc
123,extid
123,hs
123,hr
123,ll
123,tim
122,promo8id
122,promo9nm
122,page-url
122,browser-info
122,hp
122,pxm
122,sgs
122,kq
122,hq
122,hu
122,bq
122,em
122,zMoatOrigSlicer1
122,zMoatOrigSlicer2
122,zGSRC
122,gu
122,ii
122,bd
122,gw
122,na
121,dpid
121,bo
121,ym
120,wv-check
120,wv-type
120,wv-part
120,wv-hit
120,wv-data
120,cd[userAgent]
120,reqId
120,s_h
119,ue_px
119,Policy
118,_biz_r
118,lossless
118,v13
118,promo8cr
118,promo9ps
118,t2
117,il1pi6br
117,e2
117,ci2
117,u2
116,il1pi7ca
116,promo9id
116,mop_seq
116,mt_cb
116,par[7]
116,typ
115,fb
115,position
115,jv
115,ol
115,f_id
115,c30
114,bs
114,mcvt
114,mtos
114,tos
114,tfs
114,tls
114,avms
114,rtu
114,li2
114,cks
113,il1pi8id
113,sought
113,path
113,lng
113,c11
113,force_format
112,il1pi8nm
112,promo9cr
112,il1pi7pr
112,pct
111,attr_sid
111,advid
111,get
111,cd46
111,ssf
110,che
110,bg-color
110,canvas
110,iv
110,fv
110,ttd_id
110,ses_id
110,flvr
110,loc_url
110,s_w
110,b_w
110,b_h
110,cust_params
109,issi
109,ets
109,https://pixel-geo.prfct.co/usermap/?xid
109,c53
108,UIRF
108,col
108,vtag
108,c25
108,cd45
108,eventName
108,vpath
107,_bee_ppp
107,il1pi8ps
107,tdc
107,_t
106,1
106,re0
106,o0
106,vv
105,_ga
105,il1pi8pr
105,v49
105,sigma
105,dimensions
105,noenlargement
104,pr1pr
104,plid
104,tx_caratprovider_fecrossdomain[action]
104,tx_caratprovider_fecrossdomain[hash]
103,sync
103,app_id
103,rload
103,nav
103,connect
103,req_start
103,ttfb
103,dwld
103,dom_c
103,ifr
103,vns
103,vno
103,c13
103,xx
103,lof
102,sinfo
102,ltm
102,chs
102,tmtime
102,maxwidth
101,advEntityId
101,arf
101,bln
101,ckp
101,wsz
101,gm
100,hv
100,conversionId
100,ptag
100,ic
100,eventTimestamp
99,network
99,buid
99,bn
99,VersionId
99,na_exid
99,cm2
99,am
99,v54
98,dpuuid
98,fl
98,sts
98,zMoatJS
98,c6
98,loadId
98,sourceVersion
98,magpieJsVersion
98,environment
98,v42
98,partnerUserId
97,dataProviderId
97,et:ibs|data:dpid
97,is
97,partner_user_id
97,llvl
97,c40
97,c61
97,c62
96,opid
96,Constrain
96,ak
95,bk_uuid
95,adex_consent
95,adex_consent_origin
95,xd
95,yuid
95,trv
95,tuuid
95,hcc
94,event_name
94,pp
94,surl
94,slts
94,tag_version
94,c49
94,uk
94,pk
94,wk
94,tk
94,qn
94,tf
94,qp
94,gz
94,hh
94,qc
94,qd
94,qf
94,qe
94,qh
94,qg
94,qm
94,qa
94,qb
94,qi
94,qj
94,vy
94,qo
94,qr
94,lk
94,lb
94,le
94,io
94,vx
94,aa
94,gk
94,ik
94,oz
94,bu
94,ah
94,kt
94,oq
93,campaignId
93,granted_date
93,v10
93,wb
92,_fplc
92,cd[event_action]
92,pad
92,idp
91,bsw_param
91,mop_top
91,sType
91,add_code
91,ccpa_consent
91,sg
91,pageId
91,v53
91,c59
90,portalId
90,adid
90,aff_mid
90,adx_id
90,_cu
90,BVBRANDID
90,BVBRANDSID
90,il1pi1va
90,c31
90,2
90,3
89,confid
89,jf
89,cm4
89,c33
89,vr
88,_kuid
88,gdpr_status
88,gdpr_apply
88,v40
88,c35
88,pcc
88,isbn
87,cd41
87,c5
87,c34
87,c39
86,c4
86,e_c
86,e_a
86,0
86,trans
85,visitor
85,lhd
85,hd
85,uc
85,du
85,ib
85,usage
85,qos.performance.navigation.redirectCount
85,qos.performance.navigation.type
85,qos.performance.navigation.directedMigration
85,qos.performance.timing.loadEventEnd
85,qos.performance.timing.loadEventStart
85,qos.performance.timing.domComplete
85,qos.performance.timing.domContentLoadedEventEnd
85,qos.performance.timing.domContentLoadedEventStart
85,qos.performance.timing.domInteractive
85,qos.performance.timing.domLoading
85,qos.performance.timing.responseEnd
85,qos.performance.timing.responseStart
85,qos.performance.timing.requestStart
85,qos.performance.timing.secureConnectionStart
85,qos.performance.timing.connectEnd
85,qos.performance.timing.connectStart
85,qos.performance.timing.domainLookupEnd
85,qos.performance.timing.domainLookupStart
85,qos.performance.timing.fetchStart
85,qos.performance.timing.redirectEnd
85,qos.performance.timing.redirectStart
85,qos.performance.timing.unloadEventEnd
85,qos.performance.timing.unloadEventStart
85,qos.performance.timing.navigationStart
85,qos.player.dimensions
85,qos.player.pixelratio
85,qos.player.screendimensions
85,auctid
85,c42
84,il1pi8ca
84,c54
84,c55
83,bsw_custom_parameter
83,fired
83,_kpid
83,_kcp_s
83,_kcp_d
83,_knifr
83,_kua_kx_tz
83,_kua_kx_lang
83,_kua_kx_tech_browser_language
83,t_navigation_type
83,t_dns
83,t_tcp
83,t_http_request
83,t_http_response
83,t_content_ready
83,t_window_load
83,t_redirect
83,interchange_ran
83,userdata_was_requested
83,userdata_did_respond
83,sview
83,jsonp_requests
83,il1pi7br
83,member_id
83,webp
83,e_n
83,cachebuster
83,v39
83,ownerId
83,cbh
82,store_user_after
82,cd[text]
82,glb
82,cd[domain]
82,cm3
81,kplt0
81,kplt1
81,city
81,cd36
81,d_uuid
81,c32
80,cklb
80,_c
80,v30
80,c37
80,c41
79,geo_country
79,geo_region
79,_kua_kx_geo_country
79,_kua_kx_geo_region
79,anId
79,update
79,c12
79,aoe
78,redirurl
78,_kua_kx_tech_browser
78,_kua_kx_tech_manufacturer
78,_kua_kx_tech_device
78,_kua_kx_tech_os
78,se_pr
78,si
78,event_type
78,c38
77,_kua_kx_whistle
77,engine_key
77,cd49
77,c44
77,v44
77,qlt
76,cm
76,pal
76,x_sharing-count-request
76,wf
76,sh_adhsu
76,player_type
76,sh_pvr
76,v52
76,v41
76,c60
76,horizontal
76,vertikal
75,protocol
75,ctg
75,v31
75,c36
75,c56
75,v56
74,pr1br
74,channel
74,userAgent
74,player_engine
74,device_size
74,sh_wilt
74,sh_shcn
74,sas_ontid
74,gh
74,device
74,cd42
74,cd48
74,cacheMarker
74,ScaleUp
74,Method
73,multi
73,serialization
73,ty
73,pg
73,cd81
72,ep
72,tcs
72,h1
72,sessionId
72,purposes
72,twic
72,v32
72,cxckp
72,lastModified
71,mi
71,log
71,zone_id
70,altm
70,arnd
70,aatm
70,awsz
70,amvw
70,ascp
70,aclk
70,_nc_hash
70,rr
70,siw
70,jp
70,func
70,eventId
70,endpoint
69,userdata_user
69,dv
69,cmsiteid
69,gvalue
69,dma
69,zp
69,keyvalue
69,line_item_id
69,chn
69,buzz_key
69,segment_key
69,sh_ss
69,c52
69,c45
68,bv
68,KK
68,visit
68,adata
68,updated
67,foc_id
67,scc
67,callback
67,cd[login_status]
67,cd[object_id]
67,cd[object_type]
67,sat
67,bf
67,disable
67,lrt
67,ez
67,disposition
66,resolution
66,Type
66,Data
66,di
66,sdkv
66,wa
66,v15
66,c47
65,vc
65,domid
65,cd[page]
65,google_cm
65,track
65,response-content-disposition
64,_kpa_domain
64,provider
64,iacbos
64,imagen
63,il1pi9pr
63,cd50
63,nb
63,v55
63,param1
62,il1pi8br
62,wpc
62,pubid
62,tealium_cookie_sync
62,tealium_vid
62,tealium_profile
62,advertiser_id
62,mt_adid
62,_nc_oe
62,ci_url_encoded
61,pg_h
61,signature
61,landing_page
61,c23
61,disvt
61,sb
61,zoom
61,cd80
61,media
61,pev2
60,utm_source
60,ip
60,redirect_url
60,r0
60,he
60,tmstp
60,fy
60,gp
60,gf
60,gg
60,ix
60,bx
60,cxsite
60,cropMode
60,dokumentenname
60,extend
60,minampl
59,xl8blockcheck
59,clientId
59,med
59,rrtn
59,sjrn_ula
59,cd[event]
59,ad_id
59,extraData
59,resize.width
58,tealium_account
58,pvsid
58,impolicy
58,operId
58,etag
58,wpt
58,optimize
58,mmrnd
57,requrl
57,page_title
57,download
57,mt_id
57,nh
57,cd296
57,cd297
57,fz
57,ur
57,cd79
57,crd
56,shopType
56,shopHostname
56,cst
56,r1
56,vrg
56,nslots
56,pub_url
56,cd51
55,c21
55,aj
55,dj
55,scalemode
55,param2
54,callerId
54,utmni
54,sExtCookieId
54,sInitiator
54,fc
54,saw
54,sah
54,vh
54,pmt
54,tags
54,idclient
54,c22
54,within
54,il1pi9id
54,entry
54,nw_id
54,cd56
54,focus
54,response_time_ms
54,debug_metadata
54,figure
54,gesture
54,direction
54,head_direction
54,img_format
54,adjustcrop
54,cropx
54,cropy
54,cropw
54,croph
53,placementId
53,cd[product_catalog_id]
53,p3
53,creativeid
53,il1pi10pr
53,r_batch
53,il1pi9nm
53,pub_id
52,redirectId
52,do
52,mt_mminit
52,cnt
52,pr1ps
52,google_sc
52,ntv_at
52,inv_code
52,ma
52,username
51,sspurl
51,b2
51,tpl
51,anonymousID
51,wp
51,scr
51,itp
51,timezone
51,autorotate
51,c16
51,cm6
51,wsid
51,USER
50,sc_lang
50,timezone_offset
50,s_id
50,sk
50,vd
50,partner_url
50,il1pi9ps
50,geo
50,cdu
50,response-content-type
50,RM
49,Red3
49,check
49,dbm_c
49,dbm_d
49,cd37
49,duration
49,gv
49,gdprFallback
49,cd71
49,unid
49,fp-z
49,gn
49,va
49,min_w
49,min_h
48,acid
48,page_language
48,counter
48,do_not_track
48,seat
48,an_audit
48,brandID
48,fadd
48,lpt
48,tgt
48,ad_bidder
48,ad_bid_cpm
48,sas_insid
48,sas_dealid
48,sas_exdid
48,acvw
48,member
48,locale
48,con
48,x[idio_visitor_id][0]
48,c27
48,sit
48,firstPartyCookieDomain
48,headonly
47,status
47,id0
47,ts0
47,ifm
47,dt_id
47,src_tl
47,rvpw
47,rvph
47,vblty
47,sh_crfmt
47,sh_frmtid
47,sh_crtp
47,shg_vidid
47,source_url
47,videofile_url
47,ixid
47,brid
47,bmid
47,biid
47,bcud
47,user_zi
47,user_zs
47,w_k
47,ja
47,centerCrop
46,zx
46,altc
46,c24
46,c26
46,_fw_gdpr
46,DoNotUpscale
46,ccid
46,v50
46,il1pi1cd7
46,wi
46,password
46,request
46,layers
46,transparent
46,srs
46,bbox
46,obUid
45,limit
45,cvar
45,button_hover
45,cvars
45,cvarp
45,n0
45,y0
45,cd[application_id]
45,pr1qt
45,c20
45,bvProductVersion
45,ntv_ui
45,ntv_fl
45,ntv_ht
45,ntv_a
45,eor
45,cdata
45,COLOR
45,SIZE
45,RES
45,CK
45,HR
45,JV
45,VUT
45,SSID
45,TUP
45,FV
45,UV
45,US
45,DUP
45,JS
45,VJS
45,Culture
45,cfdid
44,utm_medium
44,adnxs_uid
44,prid
44,anket_id
44,caid
44,prd
44,ex-fargs
44,ex-fch
44,dcc
44,ckid
44,opdt
44,fmtid
44,v19
44,il1pi10id
44,_sw_uid
44,_sw_dat
44,clientTime
44,cookies
44,il1pi2va
44,sourceId
44,vendors
44,channel_id
44,placement_id
44,ad_unit_type
44,build
44,pageLanguage
44,placement_w
44,placement_h
44,time_delta
44,playlist_pos
44,mobile
44,floating
44,in_view
43,dynk
43,nw
43,bounce
43,oh0
43,iid
43,country
43,dmp
43,pmd
43,recording_id
43,scroll_percentage
43,fRS
43,movements
43,clicks
43,start_time
43,end_time
43,il1pi1qt
43,bvProduct
43,il1pi10nm
43,one
43,fns
43,charset
43,cm7
43,c14
43,NODW
43,content_type
42,logid
42,pId
42,ping
42,l1
42,h0
42,namespace
42,authkey
42,code0
42,attribute0
42,identifier0
42,cjsid
42,cjen
42,ex-src
42,ex-hargs
42,_sw_fp
42,_sw_pl
42,_sw_pc
42,ad_mt
42,buyer_pixel_id
42,resizemode
42,said
42,vruid
42,img_name
42,nourl
41,apikey
41,ao
41,dsu
41,p7
41,ucf_nid
41,ucf_user_id
41,recording
41,il1pi9ca
41,tdid
41,r_t
41,cd[rtb_id]
41,GoogleAccessId
41,v17
41,video
41,video_name
41,il1pi1cd139
41,il1pi1cd140
41,il1pi1cd164
41,il1pi1cd165
41,il1pi1cd166
41,il1pi1cd163
40,idmatch
40,platformId
40,task
40,p4
40,p6
40,c18
40,il1pi10ps
40,accessToken
40,il1pi3va
40,trgt
40,markers
40,gi
40,jz
40,media_url
40,qos.performance.bcInit
40,xy
40,v61
40,ist
39,companyId
39,imageUuid
39,imageExtension
39,_e
39,loop
39,supported
39,zGSRS
39,cd[user_roles]
39,_sw_id
39,error_code
39,e_v
39,far
39,video_duration
39,RID
39,tcf_ts
39,_acct
39,sdid
39,fill-color
39,maxheight
39,keepratio
39,tiara
38,callback_url
38,eatf
38,reatf
38,apv
38,afm
38,as_count
38,d_count
38,ng_count
38,am_count
38,atf_count
38,mdns
38,alldns
38,allp
38,pgh
38,pvc
38,ugd
38,pr1va
38,uii
38,systgt
38,acd
38,envtype
38,pgid
38,statid
38,c75
38,qid
38,widget_id
38,thumb
38,c51
37,_a
37,image_crop_resized
37,nuid
37,lst
37,x0
37,cppv
37,cpp
37,trackingId
37,wid
37,advertiserId
37,il1pi1cd13
37,il1pi2cd13
37,il1pi3cd13
37,il1pi4cd13
37,clid
37,ctry
37,deploymentZone
37,canurl
37,xur
37,expire
37,Crop,size
37,BackgroundColor,color
36,utm_campaign
36,doc
36,pg_w
36,pg_hs
36,aa_c
36,all_d
36,ard
36,all_ard
36,ssbinary
36,blobkey
36,blobtable
36,blobcol
36,blobwhere
36,ldt
36,jsl
36,served_by
36,c19
36,el2
36,displaySegment
36,current_url
36,cd[depth]
36,INTWMA
36,uuid2
36,imageOpt
36,isHCE
36,merchantId
36,originalData
36,isBot
36,isAb
36,buildTime
36,log_id
36,merchantid
36,frontend_event_id
36,user_agent
36,request_id
36,tags_usergroup
36,project_id
36,_autags
36,remote_addr
36,hashed_ip
36,screen_a
36,color_d
36,tcf
36,cd[country]
36,cd[region]
36,cd[city]
36,max_w
35,nv
35,adroll_version
35,output
35,p5
35,trktyp
35,unique
35,_referrer
35,_ignore
35,cd76
35,cd[b_w]
35,cd[b_h]
35,cd[s_w]
35,cd[s_h]
35,cd[loc_url]
35,cd[ses_id]
35,cd[flvr]
35,cd[a_id]
35,cd[debug]
35,cd[bypass_hash]
35,cd[f_id]
35,cd[ttd_id]
35,dsp_uid
35,cdp
35,useCustomFunctions
34,_kpa_meta_keywords
34,cbid
34,_b
34,mimetype
34,ang_testid
34,metadesc
34,full_url
34,A
34,ud[em]
34,dimension1
34,adExInit
34,_cb
34,exttag
34,_fw_gdpr_consent
34,ier
34,hit
34,tw
34,compress
34,arw
34,arh
34,arm
33,cv_attributed
33,evtid
33,ns_site
33,axtl
33,fa_pv
33,fa_fp[0][fa_vid]
33,fa_fp[0][fa_fv]
33,fa_fp[1][fa_vid]
33,fa_fp[1][fa_fv]
33,il1pi11pr
33,da
33,item-url
33,length
33,verifyHash
33,ezwbk
33,SERVICE
33,rpid
33,
33,qos.events.content.error
33,Filename
33,feedbackid
33,pid-0
33,pev-0
33,_sid
33,ssi
33,meta_description
33,fpCookieDomainPeriods
33,imagePreview
33,c29
33,FillCanvas
33,pad-bottom
33,pad-top
32,utm_content
32,dbredirect
32,lp
32,n1
32,cId
32,auctionid
32,cd70
32,marking-type
32,ctype
32,c15
32,option
32,ia_u4pc
32,ia_c4dc
32,sft
32,ia_bif
32,isminifp
32,tms
32,crc
32,cd[client_id]
32,cd[TimeOnPage]
32,upScale
32,mkt
32,shading
32,og
31,0?gdpr_consent
31,red
31,ntv_r
31,t_ss
31,t_fs
31,t_ds
31,t_cs
31,t_ce
31,t_qs
31,t_as
31,t_ae
31,t_dl
31,t_di
31,t_ls
31,t_le
31,t_dc
31,t_ee
31,v34
31,eatfAbg
31,csync
31,data[width]
31,data[height]
31,_o
31,_nc_vs
31,efg
31,_nc_rid
31,screen_width
31,screen_height
31,https
31,v75
31,u_hem
31,exchangeid
31,insertionorderid
31,sourceurl
31,universalsiteid
31,il1pi10ca
31,cookieSync
31,identify
31,zcid
31,zcty
31,zpb
31,zpg
31,MaxWidth
31,MaxHeight
31,_auid
31,pdata
30,tlUid
30,ttl
30,container
30,metatag_url
30,metatag_title
30,ray
30,kuid_status
30,loaded
30,someunique
30,cd[name]
30,https://euc-ice.360yield.com/match?dsp_callback
30,revision
30,page[store_id]
30,session[uid]
30,session[vid]
30,page[site]
30,page[url]
30,page[title]
30,page[resolution][x]
30,page[resolution][y]
30,src.visitorId
30,bot
30,viewport_width
30,viewport_height
30,tag[Markierung_T2.AdvancedStore_Vzm]
30,tag[Markierung_T2.advancedStore_Adbundle]
30,cntr_url
30,cutmst
30,cping
30,cutmhn
30,attr1
30,attr2
30,attr3
30,cp_ver
30,cp_verClient
30,productId
30,days
30,is_global
30,key_hit
30,tenant
30,tracking_version
30,tse
30,thumbnail_max_width
30,thumbnail_max_height
30,nTrackingPointId
30,cd[destination]
30,accesskey
30,isNewSession
30,sessionGUID
30,webSyncID
30,newSiteVisit
30,pathname
30,eventKey
30,c43
30,design
29,kplt2
29,disable_popouts
29,lf
29,https://id5-sync.com/c/124/2/1/2.gif?puid
29,return-unstable
29,extra
29,UICR
29,correlationId
29,dspid
29,il1pi2qt
29,il1pi3qt
29,il1pi11id
29,il1pi4va
29,cd91
29,v35
29,localization
29,PTUP
29,fq
29,i2
29,i3
29,dntt
29,mo
29,mapType
29,mapValue
29,elapsed
29,suvt
29,vt_50
29,vt_60
29,vt_100
29,vt_cust
29,fix
29,matchedCategory
28,ri
28,dom_token
28,https://pixel.rubiconproject.com/tap.php?v
28,pn_id
28,nps
28,fingerprint
28,warn
28,nb_01
28,nb_02
28,nb_11
28,nb_12
28,nb_25
28,nb_27
28,nb_28
28,nb_29
28,shv
28,mjsv
28,il1pi1cd10
28,il1pi1cd11
28,il1pi1cd12
28,il1pi2cd10
28,il1pi2cd11
28,il1pi2cd12
28,il1pi3cd10
28,il1pi3cd11
28,il1pi3cd12
28,il1pi4cd10
28,il1pi4cd11
28,il1pi4cd12
28,cmp
28,google_redir
28,ex_uid
28,il1pi11nm
28,il1pi12id
28,ird
28,acc
28,cd97
28,cm5
28,fun
28,step
28,siev
28,isregen
28,filename
28,acct_id
28,dcsdesign
28,attachmentid
27,dpi
27,tpp
27,errors
27,mt_ec
27,ad_log
27,pixid
27,page_referrer
27,simid
27,page[type][identifier]
27,page[type][label]
27,il1pi11ps
27,il1pi12nm
27,rtsite_id
27,sdk_src
27,dloc
27,xp_pdf
27,xp_qt
27,xp_realp
27,xp_wma
27,xp_dir
27,xp_fla
27,xp_java
27,xp_gears
27,xp_ag
27,ev_pageview
27,1x1inv
27,srctype
27,or
27,siteID
27,cd[Time on page]
27,fct
27,lct
27,nsc
27,contenttype
27,elqGUID
27,v43
27,resw
27,resh
27,cd[campaignid]
27,refreshCount
27,position_on_page
26,asid
26,viral_sharing
26,embed_button
26,hide_playlist
26,playlist_color
26,play_button_color
26,gdpr_enabled
26,hidden_controls
26,pomo
26,https://sync.mathtag.com/sync/img?mt_exid
26,url_path
26,ops
26,apx_uid
26,utidl
26,K
26,inc
26,networkId
26,rpo
26,ud[fn]
26,page[cms][identifier]
26,page[cms][title]
26,il1pi4qt
26,errcode
26,il1pi12ps
26,user
26,sspid
26,cd69
26,cd90
26,cd96
26,cd106
26,cd112
26,cd[journeyid]
26,timeout_ms
26,duration_ms
26,url_count
26,pev1
26,D
26,qos.performance.bcParse
26,cd47
26,debug
26,mediumID
26,codeNum
26,adID
26,zoneID
26,resx
26,resy
26,company
26,collection
26,p.id
26,newtracker
26,Resolution
26,vci
26,PartnerId
26,Id
25,id5id
25,pcid
25,dom
25,adblock
25,ckfl
25,itype
25,lper
25,trid
25,ue
25,xu
25,cd[external_id]
25,_ru
25,il1pi5qt
25,gc
25,gcid
25,bid_opportunity_id
25,promo10nm
25,Status
25,v16
25,cc.co
25,cc.pr
25,e.id
25,ec.ti
25,bodyChecksum
25,metaChecksum
25,meta[viewport]
25,cookie2
25,evr4-0
25,v18
25,abc-v
25,v60
25,c74
25,hca
25,behavior
25,c58
25,lastmod
25,poolid
25,hidden
25,screenWidth
25,screenHeight
25,cookieSupported
25,isJsonp
24,umid
24,av_h
24,av_w
24,av_a
24,all_b
24,viewability
24,bidrestime
24,bdp
24,wsip
24,act
24,pst
24,application
24,theme
24,placement
24,bidid
24,mmid
24,pubhost
24,aId
24,maCookie
24,promo10ps
24,v36
24,v_aid
24,pageType
24,ticks
24,maptype
24,trossion
24,rtgdefault_score
24,rtgdefault_version
24,wc
24,sli-img
24,scalingname
24,i10c
24,objectId
24,usePng
24,cmd
24,SDAW
23,chnl
23,timings
23,cd[contents]
23,ID
23,alias
23,pubId
23,slotname
23,route
23,h2
23,cat
23,erpg
23,il1pi6qt
23,_i
23,https://pixel.sojern.com/idsync/apn?id
23,ccpa
23,il1pi12pr
23,cd[purchase_value]
23,err
23,align
23,cd67
23,defaultWidth
23,defaultHeight
23,fillColour
23,v29
23,wr
23,canonical
23,mp
23,mu
23,md
23,pwu
23,TREX
23,UID
23,SID
23,DPUID
23,tye
23,tmo
23,tda
23,tho
23,tmi
23,VN
23,v47
23,keep
23,cw
23,?w
23,l3
23,timeSpent
23,activeTs
23,scrollPercentage
23,waitBeforeScroll
23,ab_testing_id
22,advId
22,https://rtb.gumgum.com/usersync?b
22,utmc
22,cmgid
22,cmtid
22,cmtuid
22,merchantidentifier
22,strg
22,d1
22,il1pi5cd10
22,il1pi5cd11
22,il1pi5cd12
22,il1pi5cd13
22,cd[title]
22,Hst
22,apiKey
22,il1pi11ca
22,clickstring
22,trcid
22,td1
22,customerId
22,versionid
22,rtbh
22,rfr
22,ad_type
22,uimp
22,dimension2
22,c28
22,set
22,kId
22,eLogType
22,cd[device]
22,ago
22,errorrequest
22,https://sync.crwdcntrl.net/map/c
22,pmk
22,se_psk
22,isNewVisitor
22,newPageVisit
22,group_id
22,tw_document_referrer
22,iso
22,jp_uid
22,cd175
22,partid
22,progid
22,promoid
21,platformRdUrl
21,cspid
21,append
21,ow
21,bdata
21,imp_id
21,camid
21,liid
21,ordid
21,creid
21,cretp
21,adfuid
21,dim
21,medid
21,progressive
21,campaign_id
21,fa_fp[1][fa_id]
21,aud
21,severity
21,siteId
21,cd[segments]
21,vrn
21,il1pi12ca
21,il1pi13id
21,il1pi14id
21,il1pi15id
21,peid
21,suid
21,cust
21,sess
21,aspxerrorpath
21,UISTB
21,uActive
21,isPing
21,kv
21,publisher_id
21,cd[ScrollDepth]
21,products
21,partnername
21,expdate
20,crf
20,mx
20,my
20,epc
20,h[site_id]
20,h[resource]
20,h[title]
20,h[user_agent]
20,h[unique]
20,h[unique_hour]
20,h[unique_day]
20,h[unique_month]
20,h[unique_year]
20,h[screenx]
20,h[browserx]
20,h[browsery]
20,google_error
20,up
20,cS
20,cE
20,il1pi13nm
20,il1pi13ps
20,il1pi14nm
20,il1pi14ps
20,il1pi15nm
20,il1pi15ps
20,atr
20,zctry
20,frequency
20,cd68
20,cd[buyingphase]
20,cd[persuasion]
20,cd[customertype]
20,v81
20,fr
20,ui
20,ta
20,jm
20,sess_status
20,koda
20,cd[cat]
20,cd[subcat]
20,baid
20,imprid
20,icid
20,domain_key
20,v65
20,v66
20,il1pi1cd15
20,il1pi2cd15
20,il1pi3cd15
20,il1pi4cd15
20,il1pi5cd15
20,sdd
20,ipt
20,no_cookies
20,cd[brand]
20,v57
19,project
19,adunit_count
19,istop
19,platformUid
19,obuid
19,wph_a
19,wph_st
19,dpath
19,durl
19,mn
19,screenResolution
19,adsafe_url
19,adsafe_type
19,adsafe_jsinfo
19,accountId
19,req
19,resize_w
19,refresh
19,custom_data
19,template
19,ssp_name
19,buyer_user_id
19,vph
19,jc
19,sample
19,promo10id
19,amo
19,fit_type
19,preload
19,cfs
19,cd52
19,cd58
19,cd59
19,cd72
19,cd73
19,cd93
19,cd94
19,cd95
19,cd98
19,cd99
19,cd100
19,cd101
19,cd102
19,cd103
19,cd104
19,cd105
19,cd109
19,cd110
19,cd111
19,cd138
19,cd139
19,cd140
19,cd141
19,cd150
19,cd[dtgroup]
19,cd[touchpointid]
19,promo11nm
19,se_tg
19,v28
19,publisherID
19,firstDraw
19,sessionVertical
19,referralURL
19,pageview_uuid
19,siteName
19,ctzpid
19,usingRuntimeExperiments
19,zMoatTactic
19,zMoatPixelParams
19,style
19,coid
19,sitePath
19,ia_tld2u
19,meta[og:type]
19,meta[og:title]
19,meta[og:image]
19,meta[twitter:card]
19,abt
19,tad
19,c.c
19,c.l
19,c.ref
19,c.sc
19,p.url
19,xp
19,fpcuid
19,meta_keywords
19,referrer_pid
19,tag1[id]
19,tag1[name]
19,tag1[status]
19,tag1[executionTime]
19,max-h
19,max-w
18,https://eb2.3lift.com/xuid?mid=3335&xuid=$UID&dongle=4d58&gdpr
18,dsid
18,adform_v
18,bilmur
18,host_name
18,nt_fetchStart
18,nt_domainLookupStart
18,nt_domainLookupEnd
18,nt_connectStart
18,nt_connectEnd
18,nt_requestStart
18,nt_responseStart
18,nt_responseEnd
18,nt_domLoading
18,nt_domInteractive
18,nt_domContentLoadedEventStart
18,nt_domContentLoadedEventEnd
18,nt_domComplete
18,nt_loadEventStart
18,nt_loadEventEnd
18,nt_redirectCount
18,nt_api_level
18,resource_size
18,resource_transferred
18,js_size
18,js_transferred
18,resource_cache_percent
18,js_cache_percent
18,cd[post_category]
18,firsttime
18,d0
18,x1
18,aup
18,aum
18,aul
18,il1pi1cd14
18,il1pi2cd14
18,il1pi3cd14
18,il1pi4cd14
18,ud[ln]
18,price
18,trackAll
18,rmids
18,qqid
18,_cvar
18,promo11ps
18,lti
18,pix
18,cd[timestamp]
18,cd[user_agent]
18,cd[log_id]
18,cd[cookie]
18,cd[merchantid]
18,cd[platform]
18,cd[frontend_event_id]
18,cd[session_id]
18,v62
18,maxHeight
18,VERSION
18,REQUEST
18,FORMAT
18,TRANSPARENT
18,LAYERS
18,TILED
18,STYLES
18,SRS
18,WIDTH
18,HEIGHT
18,CRS
18,BBOX
18,elapsed_ms
18,_cchid
17,gdprConsent
17,subrect
17,db
17,udff[zp]
17,api_key
17,sz
17,campId
17,pixel_id
17,slashed/adexDmpUserId
17,adexid
17,activityTypeId
17,fw
17,zone
17,ps_t
17,ps_l
17,ps_s
17,increase
17,percentage
17,contentLength
17,cd[partner_id]
17,cd[tagger_id]
17,mapped
17,button-type
17,eventID
17,return
17,promo12nm
17,customerGUID
17,ddid
17,iscustomevent
17,eventvalue
17,customvalue
17,isNew
17,d.A
17,d.k
17,pr2id
17,pr2nm
17,pr2ca
17,pr2br
17,pr2pr
17,pr3id
17,pr3nm
17,pr3ca
17,pr3br
17,pr3pr
17,_linka
17,ov
17,cd62
17,cijs
17,ttype
17,cisd
17,cipid
17,dast
17,uv
17,unm
17,evid
17,ncv
17,dstOrderId
17,dstOrderAmount
17,meta[og:url]
17,meta[og:site_name]
17,v45
17,dcsdat
17,dcssip
17,dcsuri
17,cd63
17,cd64
17,cd65
17,wm
17,zMoatCustomParams
17,p.ga
17,fpc
17,shareHash
17,sha
16,ad_box_
16,adnet
16,showad
16,all_s
16,be
16,xload
16,abc
16,ae
16,next
16,continue
16,stack
16,src.id
16,required
16,altFmImage_path
16,enhance
16,cri
16,mpuid
16,il1pi13pr
16,il1pi14pr
16,il1pi15pr
16,adnxs_id
16,sovrn_retry
16,cd148
16,device_type
16,redirectUri
16,promo12ps
16,fpid
16,_nc_rgb565
16,background
16,v51
16,NUT
16,pagename
16,cd75
16,cd78
16,kLocationId
16,kPublisherId
16,kWcmsDomainId
16,eDocLogType
16,kIssueId
16,nPageNo
16,kDocId
16,nVersion
16,strSubKey
16,strExtension
16,color_depth
16,_brandId
16,_lv
16,storeId
16,isMerchant
16,appName
16,bi_token
16,_bsi
16,_isca
16,_iscf
16,_ispd
16,_ise
16,c64
16,u_hpn
16,counrty
16,cd[scrollThreshold]
16,tst
16,market
16,pixelid
16,ga
16,ar_method
16,ar_ratio
16,pixelate
16,video_w
16,video_h
15,prevuid
15,vxii_pid
15,vxii_pdid
15,fh
15,rbiFocus
15,ltime
15,reftime
15,shopID
15,__skimjs_preflight__please_ignore__
15,t3
15,data[referrer]
15,adf
15,hei
15,pvs
15,zMoatDomain
15,zMoatSubdomain
15,il1pi7qt
15,cm3ppd
15,persisted
15,userIds/type:dpn/id
15,il1pi13ca
15,il1pi14ca
15,il1pi15ca
15,publisher_dmp_id
15,adb
15,exc
15,ck540
15,trackurl
15,checkcookies
15,promo10cr
15,cfi
15,thn
15,creative_id
15,content-type
15,done
15,nct
15,cd[tags]
15,zcluid
15,layer
15,tilematrixset
15,Service
15,Request
15,Version
15,TileMatrix
15,TileCol
15,TileRow
15,IDMF
15,rp
15,fa
15,copyright
15,eData
15,c66
15,kplt3
15,kplt4
15,cd[Content_type]
15,tids
15,v80
15,cdv
15,AlternativeImage
15,rmd
15,nck
15,njv
15,cmpstatus
15,tcString
15,uspstatus
15,v84
15,lazy
15,cd[custom_URL]
15,cd[custom_Market]
15,cd[custom_PageType]
15,cd[custom_ContentCategory]
15,arg
15,sensor
15,nv_video_id
15,nv_source_id
15,nv_feed_id
14,advUuid
14,_ref
14,_nc_eui2
14,stid
14,prvAccId
14,mx_tgs
14,cbdp
14,mx_nsz
14,csex
14,spSource
14,pvdTmax
14,s_city
14,prvReqId
14,zip
14,ctr
14,spFst
14,mx_TAF
14,mx_GCID
14,cliIPType
14,pexid
14,ybnca_erpm
14,brsrclk
14,mx_UCC
14,sbdrid
14,prspt
14,rtttime
14,usp_status
14,apTags<>
14,mx_PC
14,og_cbdp
14,currsrc_date
14,mx_gpid_sent
14,xtmax
14,commit_id
14,mx_SPRIG
14,mx_divid
14,rtime
14,adj0
14,tmax
14,adj2
14,adj1
14,geoll
14,mx_lr_seg_cnt
14,adtypes
14,mx_aabpc
14,debug_ts
14,mx_ssProfile
14,mx_SC
14,pbidflr
14,spbf
14,mowxReqId
14,currsrc
14,fpusp
14,mnrfc
14,pv_adtype
14,pcrid
14,moau
14,coppa_enf
14,ocurr
14,is_rewarded
14,stagid
14,spIsReq
14,snm
14,abs
14,mx_IAB2
14,mx_epbc
14,mx_ssBucket
14,vls
14,usp_enf
14,bidflr
14,mang
14,mx_isLossNtf
14,coppa_status
14,spTo
14,actltime
14,iframingState
14,is_ortb
14,mx_aurl_hc
14,mx_lr_seg_deal
14,dfpBd
14,sckfl
14,dmm_erpm
14,mx_lr
14,mx_uid_sent
14,mx_sbp
14,mnrf
14,slotVisibility
14,dbf
14,bfs
14,prvApiId
14,dmm_ogerpm
14,epcexp
14,csip
14,mx_bsProfile
14,mx_bsBucket
14,bcrid
14,mx_aurt
14,omul
14,spIvt
14,apPrfs<>
14,vertical
14,smsrc
14,acsn
14,reqsize
14,dtc
14,adpos
14,mx_aqcpl_crid
14,ogbdp
14,tpbTkn
14,fpuReq
14,vcmplrt
14,mx_g_one_uid_sent
14,geo_source
14,mnet_ckfl
14,spCst
14,tgtval
14,dfpDiv
14,__expireat
14,opbidflr
14,reftype
14,rme
14,psid
14,https://s.amazon-adsystem.com/ecm3?ex
14,_url
14,ti1
14,ur1
14,oh1
14,e3
14,ci3
14,u3
14,UISF
14,sifi_uid
14,cUid
14,imgType
14,followup
14,chtml
14,checkedDomains
14,checkConnection
14,organization
14,pet
14,abd
14,colour
14,exchange
14,exch
14,nodeid
14,zMoatSZ
14,il1pi8qt
14,il1pi9qt
14,il1pi10qt
14,dtycbr
14,cvrd
14,dE
14,rqS
14,rsS
14,rsE
14,sS
14,dlS
14,dlE
14,leS
14,leE
14,akN
14,bpcip
14,akTX
14,akTI
14,gpdr
14,cd[custom_param13]
14,guarding
14,timeout
14,rate
14,il1pi5va
14,cd[eventCategory]
14,cd[eventAction]
14,cd[eventLabel]
14,cd[gtm.uniqueEventId]
14,cd[waitTime]
14,anx_uId
14,jsb
14,refQuery
14,uq
14,pmo
14,lh
14,qos.events.content.volumechange
14,d.u
14,x2
14,custnum
14,sname
14,promo11id
14,apirequest
14,adfserve
14,asset
14,pid-1
14,pev-1
14,cache_buster
14,slot
14,sites
14,maxSideSize
14,tag1id
14,tag1nm
14,tag1st
14,tag1et
14,_encoding
14,MarketPlace
14,ASIN
14,ServiceVersion
14,WS
14,bev
14,xn_version
14,websiteId
14,consentDomain
14,ImageName
14,ImageWidth
14,ImageHeight
14,dvid
14,category
14,uip
13,bsw_user_id
13,extuid
13,realm
13,store
13,https://static.aroa.io/sync/sync.php?adnxs_uid
13,vgd_l2type
13,vgd_l1rhst
13,vgd_pgid
13,vgd_pgids
13,vgd_uspa
13,hvsid
13,last_resource_end
13,json
13,https://cookie-matching.mediarithmics.com/input?key
13,showme
13,rsz
13,abl
13,dspId
13,dspUserId
13,sgn
13,mt_nsync
13,no_attr
13,settingsId
13,rqp
13,scrl
13,str
13,ad_y
13,r_nh
13,r_ifr
13,c_options
13,from
13,cd[category]
13,https://sync.sxp.smartclip.net/sync?type
13,cp3
13,cs1
13,sccid
13,error
13,vvcu
13,vvct
13,tpcs
13,lstr
13,kk
13,__
13,utm_mdm
13,win
13,cdi
13,shk
13,svg
13,mov
13,elq1pcGUID
13,ap
13,keywords
13,channels
13,cg6
13,orig
13,t[strip]
13,t[crop][x]
13,t[crop][y]
13,t[crop][width]
13,t[crop][height]
13,t[resize][width]
13,t[resize][height]
13,fdata
13,spduid
13,_ct
13,ssp_id
13,a.blur
13,tag2[id]
13,tag2[name]
13,tag2[status]
13,tag2[executionTime]
13,hrf
13,item_id
13,item_type
13,pixelId
13,meta[theme-color]
13,imageId
13,ImageSize
13,WT.tz
13,WT.bh
13,WT.ul
13,WT.cd
13,WT.sr
13,WT.jo
13,WT.ti
13,WT.js
13,WT.jv
13,WT.ct
13,WT.bs
13,WT.fv
13,WT.slv
13,WT.le
13,WT.tv
13,WT.dl
13,WT.ssl
13,WT.es
13,WT.ce
13,WT.vt_f_tlh
13,WT.vtvs
13,WT.vtid
13,WT.co_f
12,order
12,insl
12,bcat<>
12,device_id
12,concat<>
12,mx_TAS
12,scrid
12,s_ip
12,devbrand
12,devmodel
12,advUrl
12,ecp
12,schain_cmpl
12,smbrid
12,sf
12,expiry
12,formType
12,formID
12,a0
12,f0
12,s0
12,a1
12,f1
12,qqi
12,leadNumber
12,pixel_audience_id
12,elqCookie
12,d9
12,pr1cd11
12,api
12,cd[origin]
12,cd[path]
12,cd[url]
12,TWIQ
12,kftwiqpg
12,inline
12,breadcrumbs[0][name]
12,breadcrumbs[0][timestamp]
12,breadcrumbs[0][type]
12,metaData[device][time]
12,notifierVersion
12,payloadVersion
12,projectRoot
12,releaseStage
12,severityReason[type]
12,stacktrace
12,unhandled
12,currency
12,phint
12,area
12,S
12,journeycode
12,akM
12,vel
12,promoa
12,fbclid
12,uc1
12,uc2
12,cs3
12,cs4
12,cs5
12,cs803
12,engttl
12,engcount
12,engid
12,ccuid
12,parentId
12,apa
12,df
12,cg
12,adId
12,impId
12,updatezeitid
12,c17
12,v38
12,c50
12,cd[pageURL]
12,PURLSiteID
12,PURLSiteAlternateDNSID
12,LandingPageID
12,PURLRecordID
12,PURLGUID
12,UseRelativePath
12,elq
12,elq_ck
12,promo12id
12,mntl
12,fcc
12,data[path]
12,data[title]
12,data[url]
12,cd[newtracker]
12,cd[ad_block]
12,pid-2
12,pev-2
12,pid-3
12,pev-3
12,txtsize
12,txt
12,datasource
12,traffic_channel
12,custom_1
12,custom_2
12,custom_3
12,newuser
12,_kpa_url_path_1
12,WebbinsCacheCounter
12,inner_redirect
12,inner_uuid
12,item_size
12,c73
12,tps
12,get_
12,screenSize
12,screenFormat
12,zMoatReferrer
12,zMoatBundle
12,zMoatRTBADV
12,zMoatRTBCR
12,zMoatGSR
12,pj
12,cd[pagename]
12,_build
11,_tz
11,cropratio
11,bm
11,sl_xp
11,sl_x
11,sl_y
11,sl_h
11,chanId
11,pubCreative
11,pubOrder
11,~oref
11,mlrc
11,isfpayload
11,isfnum
11,isftotal
11,fa_fp[2][fa_vid]
11,fa_fp[2][fa_fv]
11,columnNumber
11,lineNumber
11,imp
11,ntv_pl
11,documentId
11,il1pi9br
11,https://mwzeom.zeotap.com/mw?adnxs_uid
11,frsz
11,bgload
11,abgroup
11,tmambps
11,rtembps
11,rttms
11,ccsid
11,cd[dl]
11,cd[ul]
11,cd[de]
11,cd[dt]
11,cd[sd]
11,cd[sr]
11,cd[vp]
11,cd[cid]
11,cd[cd1]
11,modificationDate
11,affiliate_id
11,bsw_uid
11,landing_url
11,pageViews
11,prevPvid
11,curReferer
11,extReferer
11,GLAM-SID
11,GLAM-JID
11,GLAM-AID
11,part
11,pc
11,WRP_ID
11,WRP_SECTION
11,WRP_SUBSECTION
11,da2
11,dateline
11,pr2qt
11,pr3qt
11,pr4id
11,pr4nm
11,pr4ca
11,pr4br
11,pr4qt
11,pr4pr
11,pr5id
11,pr5nm
11,pr5ca
11,pr5br
11,pr5qt
11,pr5pr
11,pr6id
11,pr6nm
11,pr6ca
11,pr6br
11,pr6qt
11,pr6pr
11,variant_id
11,origin_url
11,cepos
11,ceid
11,_av
11,_au
11,rtgpg
11,prv
11,cd[fbp]
11,aca
11,advt
11,vndr
11,p1_eml
11,OASCCAP
11,fromTag
11,GA
11,pid-4
11,pev-4
11,il2nm
11,il2pi1nm
11,il2pi1id
11,il2pi1pr
11,il2pi1ps
11,il2pi2nm
11,il2pi2id
11,il2pi2pr
11,il2pi2ps
11,il2pi3nm
11,il2pi3id
11,il2pi3pr
11,il2pi3ps
11,il2pi4nm
11,il2pi4id
11,il2pi4pr
11,il2pi4ps
11,v200
11,frame
11,c63
11,siteInfo[site]
11,siteInfo[language]
11,siteInfo[country]
11,data[buid]
11,data[suid]
11,data[_shm_im][platform161]
11,data[eventSource]
11,data[partner]
11,pccr
11,maxWidth
11,ud[uid]
11,retry
11,MOD
11,CACHEID
11,nS
11,Ignore
11,asn
11,proto
11,record_interface
11,creative_format
11,video_mime
11,video_code
11,video_state
11,video_is_fullscreen
11,video_volume
11,video_muted
11,client_start_timestamp
11,client_session_id
11,client_date_utc
11,client_date_utc_offset
11,client_cache_buster
11,client_screen_width
11,client_screen_height
11,client_window_width
11,client_window_height
11,client_charset
11,client_time_elapsed
11,v82
11,v83
11,v95
11,v110
11,colorBackground
11,scrolldepth
11,pagepath
11,cd[scrolldepth]
11,cd[pagepath]
10,csuuid
10,t_us
10,t_ue
10,f_passive
10,f_wheel
10,has_segmentio
10,cms
10,cd[tax_translation_priority]
10,udff[st]
10,app_type
10,bdr_typ
10,ss_d1
10,ogerpm
10,ss_d2
10,other_prv
10,current_day
10,adtyp
10,req_id
10,bd_m3
10,bidfp
10,bd_m2
10,bd_m1
10,dim10
10,second_bidder
10,floor_bucket
10,prdp
10,ogcbdp
10,dfpbd
10,ogerpm_wd_bkt
10,dmm_r
10,cut
10,dmm_l
10,send_erpm
10,erpm_bucket
10,current_hour
10,time_stamp
10,mnckfl
10,bdp_bucket
10,algo
10,splid
10,bdp_wider_bucket
10,br_ver
10,bdmm_m6
10,bdmm_m7
10,bdmm_m5
10,totalTimeBucket
10,visibility
10,totalTime
10,dmm_m1
10,e_rpm
10,dmm_m22
10,vsid
10,log_less
10,ogerpm_used
10,bdmm_m12
10,rawbid
10,seat_id
10,sub_bidder
10,pbshr
10,o_id
10,clisp
10,dfp_bucket
10,pvid_seat
10,cliIP
10,advurl
10,br_id
10,cut_bkt
10,iwb
10,second_bid
10,sc_pvid
10,capd
10,other_bids
10,vgd_sbSup
10,vgd_is_amp
10,vgd_asn
10,vgd_rakh
10,vgd_rpth
10,vgd_end
10,cpr
10,cs_ucfr
10,cd[page_url]
10,ipv6exp
10,pageLoadId
10,r2
10,ids
10,li3
10,i0
10,offer_id
10,cd[funnelId]
10,cd[funnelName]
10,cd[stepId]
10,cd[stepName]
10,cd[pageId]
10,cd[pageName]
10,cd[pageType]
10,pr1cd14
10,view
10,component
10,zoneId
10,adsciencetime
10,segment_ids
10,dspret
10,beeswax_id
10,widget
10,cachebust
10,gqid
10,page[referrer][domain]
10,page[referrer][page]
10,DID
10,MyPage
10,MyID
10,MySearch
10,TitleTag
10,ColDep
10,Lang
10,Cook
10,Page
10,FullPage
10,PMCD
10,customParameters/group:retargeting-Advertiser/item:milieudefensie/type
10,customParameters/group:retargeting-Campaign/item:milieudefensie/type
10,maxsize
10,par
10,c_bid
10,c_oid
10,c_v
10,c_type
10,c_cur
10,c_stype
10,c_prods
10,layer_groups
10,pgDomain
10,imptype
10,Rdt
10,cd[trgt]
10,ft_referrer
10,REFER
10,il1pi1cd1
10,app_nexus_uid
10,hn_ver
10,is_secure
10,__ads
10,__adt
10,__ade
10,turn_id
10,ec.de
10,meta[description]
10,meta[og:description]
10,tvi2
10,oldtracker
10,othercookie_id
10,p1_uid
10,idx
10,uId
10,fa_fp[1][fa_name]
10,getPercentPageViewed
10,pid-5
10,pev-5
10,cairn_guest
10,il2pi1ca
10,il2pi1br
10,il2pi2ca
10,il2pi2br
10,il2pi3ca
10,il2pi3br
10,il2pi4ca
10,il2pi4br
10,LiveGuideUID
10,gtm_tag_source
10,_kpref_
10,channeluid
10,tx
10,sku
10,clesite
10,dimension7
10,dimension13
10,dimension15
10,URL
10,sharpen
10,redirect_host_list
10,d36
10,personalization_id
10,personalization_variant_id
10,personalization_id_view
10,personalization_variant_id_view
10,personalization_viewcounts
10,control_variant
10,webcare_id
10,bwit
10,tuid
10,bwpt
10,bres
10,pnsi
10,cklt
10,bwcsl
10,visitorId
10,systemLanguage
10,cookiesEnabled
10,usedPercentage
10,colorDepth
10,v85
10,cd[custom_Language]
10,_signedVal
10,font
10,fontsize
10,textcolor
10,bm_dt
10,s_ts
10,s_url
10,Command
10,ltid
10,cookieless
9,bee_sync_partners
9,scd
9,utime
9,mautic_device_id
9,document_id
9,session[id]
9,visitor[id]
9,visit[id]
9,organization[id]
9,geo[country]
9,geo[currency]
9,geo[language]
9,geo[locale]
9,geo[experience]
9,discriminator
9,contactId
9,javaEnabled
9,appid
9,vu
9,dnr
9,d3
9,cd[referrer]
9,_stk
9,stv
9,cbust
9,il1pi11qt
9,lif
9,lase
9,latt
9,dataid
9,btz
9,tag[bc85e76d49.f83822d269]
9,siteCode
9,webkey
9,ctx
9,adsrv
9,dvtagver
9,oidt
9,a_c
9,p_c
9,b_v
9,assoc_payload
9,scriptId
9,promo11cr
9,BXWID
9,warpspeed
9,loadID
9,cf
9,lat
9,lon
9,asset_id
9,gsi
9,meta[robots]
9,pid-6
9,pev-6
9,pid-7
9,pev-7
9,pid-8
9,pev-8
9,pid-9
9,pev-9
9,extProvId
9,extPu
9,extProvApi
9,extLi
9,extCr
9,extPm
9,il2pi5nm
9,il2pi5id
9,il2pi5pr
9,il2pi5ps
9,cm8
9,evr4-1
9,cd[device_form_factor]
9,lead_event
9,lead_type
9,lead_title
9,https://d5p.de17a.com/setuid/appnexus?anxs_uid
9,defHeight
9,scroll
9,scrollPerDef
9,scrollPerMax
9,inIFrame
9,milliseconds
9,brsmdzsoezimhOf
9,bdzZryomHtiueuerOf
9,counrty14
9,city14
9,counrty18
9,city18
9,counrty13
9,city13
9,textlen
9,ttt
9,cd86
9,cd87
9,cd135
9,cd184
9,cd151
9,cd183
9,cd189
9,dm_id
9,_p
9,client_name
9,sup
9,c57
9,c68
9,c76
9,davty
9,gif
9,https://api.permutive.com/v2.0/px/track?k
9,wklz
9,starttime
9,adcfg
9,adcfg_response
9,addelivery
9,addelivery_response
9,lgfired
9,EOL
9,ctstart
9,all_tags
9,tss
9,fired_tags
9,cb_client
9,panoid
9,nbt
9,fover
9,sarg
9,pas
9,swntid
9,gdprApplies
9,dim1
9,domainapp
9,visible
9,requestedLanguage
9,channelmanagerBB_switch
9,renderdExp
8,https://match.sharethrough.com/sync/v1?source_id
8,caller
8,bidswitch_param
8,cd[eventID]
8,cd[noad30]
8,cd[noadcm]
8,cd[nokart]
8,cd[pvps]
8,cd[slensec]
8,cd[ar30d]
8,cd[arcm]
8,cd[kar30d]
8,cd[karcm]
8,cd[ts30d]
8,cd[tscm]
8,cd[kru]
8,ud[extern_id]
8,uid3
8,user_attributes
8,gqi
8,mod
8,api-key
8,aff_id
8,_nr
8,Today
8,adNetInit
8,il1pi1cm10
8,il1pi1cm11
8,il1pi2cm10
8,il1pi2cm11
8,il1pi3cm10
8,il1pi3cm11
8,il1pi4cm10
8,il1pi4cm11
8,ta_partner_id
8,saturation
8,release
8,s12
8,experiment
8,forum
8,section
8,forum_id
8,shopid
8,https://ids.ad.gt/api/v1/match?id
8,halo_id
8,client_id
8,_fv
8,rts
8,info
8,avm
8,smuid
8,crtbwp
8,crtbdata
8,adfibeg
8,CREFURL
8,nCampaignId
8,nJs
8,first
8,ccpaConsent
8,__upsales_v_5f31039e64e54014afa1e09616ceebd5_tracker
8,__upsales_v_5f31039e64e54014afa1e09616ceebd5_session
8,ta_id
8,v70
8,sourceType
8,viewKey
8,exAdId
8,dealId
8,seatId
8,pref1
8,pageid
8,pubtagtype
8,lkqdtagtype
8,tlr
8,errorcode
8,spotName
8,hsr_vid
8,hsr_ev[0][ty]
8,hsr_ids[]
8,hsr_vw
8,hsr_vh
8,hsr_ti
8,hsr_smp
8,hsr_fyp
8,visual_refresh
8,ftXValue
8,U1
8,cd[hostname]
8,il1pi2cd1
8,il1pi3cd1
8,https://id5-sync.com/c/12/19/7/3.gif?puid
8,rtb
8,a.A
8,a.si
8,a.te
8,a.aap
8,a.ra
8,a.agi
8,g.ism
8,g.de
8,cd61
8,ck2
8,ck5
8,cd[product_category]
8,cd[criteo_audience_3_0]
8,class
8,bv1
8,cd[_filteredParams]
8,p8
8,il2pi5ca
8,il2pi5br
8,il2pi6nm
8,il2pi6id
8,il2pi6pr
8,il2pi6ca
8,il2pi6ps
8,il2pi6br
8,sync_limit
8,environnement
8,site_env
8,persistent_utm_source
8,persistent_utm_medium
8,persistent_utm_campaign
8,persistent_utm_content
8,cd[page_name]
8,isc
8,pages
8,dp_category
8,tag2id
8,tag2nm
8,tag2st
8,tag2et
8,tag3id
8,tag3nm
8,tag3st
8,tag3et
8,tag4id
8,tag4nm
8,tag4st
8,tag4et
8,anxs_uid
8,module
8,trim-left
8,trim-top
8,trim-right
8,trim-bottom
8,cy
8,counrty42
8,city42
8,counrty15
8,city15
8,postal_code
8,origin_1
8,counrty58
8,city58
8,cpk
8,cak
8,MYRAVRESIZE
8,c_id
8,requestId
8, adv
8,pr2ps
8,pr3ps
8,pr4ps
8,pr5ps
8,pr6ps
8,slot_id
8,feedback_type
8,i_data
8,p_p_id
8,p_p_lifecycle
8,p_p_state
8,p_p_mode
8,p_p_cacheability
8,p_p_col_id
8,p_p_col_pos
8,p_p_col_count
8,_1_WAR_webformportlet_INSTANCE_x4ZDOzqc7skU_cmd
8,ud[pn]
8,ats
8,iip
8,adc
8,adcd
8,ppuc
8,ppu
8,tok
8,op
8,wn
8,s_data
8,dcx
8,cd[nonInteraction]
8,requestName
8,serverTime
8,timeToFirstByte
8,domProcessing
8,pageRendering
8,totalPageLoadTime
8,mpr
8,cmpFramework
8,gdprStatus
8,visdur
8,engdur
7,ar_id
7,_kurl_
7,knw
7,go
7,agent
7,predicted_wr
7,search_res
7,local_wr_url
7,model_version
7,as_cache
7,dmm_m9
7,dmm_m4
7,model_key
7,mul_ratio
7,level_base
7,nt_unloadEventStart
7,nt_unloadEventEnd
7,cd[important_page]
7,location[host]
7,location[pathname]
7,cd[place]
7,iet
7,siteUrl
7,reporter
7,scriptUrl
7,mn_hm
7,ifi
7,/nvars/d7
7,d10
7,d2
7,d4
7,d11
7,d8
7,d12
7,fa_fp[2][fa_id]
7,regulationid
7,regulationconsenttypeid
7,experiment_id
7,goal_id
7,oo
7,x-service
7,event-id
7,x-cli-msg
7,cd[event_hour]
7,custom_local
7,vps
7,https://ids.ad.gt/api/v1/son_match?id
7,impr_uid
7,ntv_ift
7,_hid
7,_site
7,_title
7,_cr
7,_dom
7,_res
7,_col
7,_vp
7,_ck
7,_fp
7,_optin
7,ga_account_id
7,ga_account_type
7,ga_c
7,bdc
7,midx
7,emd
7,prod_t
7,skin
7,sdata
7,scs
7,rsd
7,rsk
7,rcs
7,awbid_b
7,ql
7,cp9
7,lmsauth
7,shguid
7,_gl
7,pagetype
7,utmcn
7,positions
7,goals
7,uvs
7,https://a.clickcertain.com/px/img/bidswitch/?done
7,sm_did
7,bds_ssp_id
7,bds_param
7,metakeywords
7,promo12cr
7,since
7,supportsFlash
7,supportsJavascript
7,componentId
7,viewref
7,au
7,fltr
7,tpt
7,mutations
7,hsr_ev[0][ti]
7,hsr_ev[1][ti]
7,hsr_ev[1][ty]
7,image-type
7,xt
7,g.bo
7,g.rn
7,utmpurl
7,wgcampaignid
7,wglinkid
7,bv3
7,TS
7,v37
7,hid
7,methodId
7,args
7,tit
7,pguri
7,_usrc
7,_usrccts
7,pgty
7,az
7,idu
7,ec_lng
7,cli_ctlg
7,sl_qty
7,__adbraud
7,cd77
7,evr4-2
7,evr4-3
7,evr4-4
7,hits
7,_cmsrc
7,midt
7,mdid
7,contentId
7,languageId
7,gbcov
7,cd[color_mode]
7,tag5id
7,tag5nm
7,tag5st
7,tag5et
7,tag6id
7,tag6nm
7,tag6st
7,tag6et
7,tag7id
7,tag7nm
7,tag7st
7,tag7et
7,tag8id
7,tag8nm
7,tag8st
7,tag8et
7,tag9id
7,tag9nm
7,tag9st
7,tag9et
7,tag10id
7,tag10nm
7,tag10st
7,tag10et
7,tag11id
7,tag11nm
7,tag11st
7,tag11et
7,tag[helios_websiste.page]
7,a.contrast
7,https://a.tribalfusion.com/i.match?p
7,cd[segmentid]
7,cd[items]
7,gg_pagetype
7,bk
7,nm
7,np
7,ls
7,tb
7,uc713
7,adurl
7,ACID
7,rrf
7,owner
7,actionTrigger
7,default
7,obRequestId
7,obTimestamp
7,ncid
7,product_ids[0]
7,product_ids[1]
7,product_ids[2]
7,product_ids[3]
7,totalvalue
7,filter
7,nom
7,ecran
7,ParaWysistat
7,CompteurExtranet
7,ParaPage
7,ParaProfiling
7,ParaCompte
7,ParaRoi
7,ojd_version
7,deja_cookie
7,id_int
7,compteur_mois
7,compteur_jour
7,deja_id
7,vu_diff_jour
7,vu_time_prec
7,page_js
7,conversion_id
7,param3
7,param4
7,srb
7,cd[pagetype]
7,show
7,buttonType
7,gs
7,tfz
7,sqid
7,clientName
7,clientID
7,segmentNumber
7,segmentName
7,par[8]
7,requestedCategories
6,ssp_user_id
6,user_event
6,redirected
6,stp
6,sessionKey
6,flow
6,te
6,id1
6,ts1
6,cd[personalizationState]
6,fu
6,https://cs.emxdgt.com/umcheck?apnxid
6,apnxid
6,il1pi5cd14
6,pr1cm10
6,pr1cd12
6,pr1cm11
6,fa_fp[3][fa_vid]
6,fa_fp[3][fa_fv]
6,advertiserid
6,cookieRequired
6,_stb
6,mln
6,jcsi
6,ttid
6,ec2
6,ea2
6,object_type
6,ad_product_name
6,ad_product_layout
6,bin
6,verb
6,ik-sdk-version
6,ik-t
6,ik-s
6,ntv_usid
6,sas_uid
6,https://e.serverbid.com/udb/9969/sync/i.gif?partnerId
6,airpr_id
6,cd[category_name]
6,il1pi10br
6,sentinel
6,ds_img_dt
6,v4_img_dt
6,documentID
6,raw
6,firstexecution
6,cd57
6,sourceAgnosticLineItemId
6,sourceAgnosticCreativeId
6,lineItemId
6,creativeId
6,isBackfill
6,vpw
6,abpos
6,arid
6,emeug
6,reqType
6,filedataid
6,l_u
6,p_d
6,p_l
6,ati
6,il1pi16id
6,il1pi17id
6,il1pi18id
6,il1pi19id
6,il1pi20id
6,hsr_ev[0][te]
6,hsr_ev[2][ty]
6,videoId
6,secure
6,cs_xi
6,cur
6,//its.tradelab.fr/?type
6,a.wi
6,a.he
6,a.evn
6,a.mo
6,a.mox
6,a.moy
6,a.foi
6,a.foe
6,g.pu
6,tc_s
6,md5
6,meta[google-site-verification]
6,pref3
6,cf_eventid
6,subscriber
6,topcommunity
6,cflog_unk
6,html_escape
6,_mkto_trk
6,cd[oldtracker]
6,cd[audience_ids]
6,exuid
6,handlePPVevents
6,p_fo
6,apl
6,inList
6,touchpoint
6,_puid
6,pcat
6,pst-id
6,pst-refs
6,pst-sort
6,pst-pers
6,pst-loc
6,pst-qloc
6,pst-show
6,:briefkastenguru_de
6,ims
6,ihs
6,iex
6,bidurl
6,pmgn
6,tailoring
6,make
6,modelFamily
6,modelRange
6,modelVariant
6,bodySize
6,zoomLevel
6,angle
6,paintId
6,paintDescription
6,click
6,xenvironnement
6,evr4-5
6,evr4-6
6,evr4-7
6,evr4-8
6,evr4-9
6,initialized_uniques
6,c67
6,PAG
6,_kua_deliberry_new_buyer
6,_kua_deliberry_gender
6,_kua_deliberry_user_postal_code
6,kplt5
6,kplt6
6,cut_headline
6,cut_text
6,cut_count
6,cut_date
6,lhnid
6,zimg
6,sres
6,sdepth
6,pagetitle
6,bi
6,cropregion
6,evtID
6,att1
6,advertiserID
6,cd[status]
6,il1pi3cd17
6,IM
6,x3
6,knr
6,rC
6,uES
6,uEE
6,rS
6,rE
6,fS
6,dLS
6,dLE
6,hS
6,reS
6,resS
6,resE
6,dL
6,dI
6,dCLES
6,dCLEE
6,dC
6,lES
6,lEE
6,sbbpg
6,vii
6,gravity
6,jzb
6,img_etag
6,_js_gdpr
6,_js_gdpr_consent
6,_wid
6,_action_name
6,_type
6,_cookie_id
6,_alt_referer
6,il1pi1cd3
6,il1pi2cd3
6,il1pi3cd3
6,emp_uid
6,emp_ev
6,emp_wtrtype
6,emp_statid
6,emp_stattype
6,emp_lid
6,emp_linkid
6,emp_cmev
6,emp_referrer
6,empt_time
6,emp_ait
6,referringURL
6,subscriber_id
6,mailing_id
6,split_id
6,sessiondata
6,colordepth
6,meta_title
6,cm0
6,cuem
6,fa_fp[0][fa_id]
6,bow_v
6,js_v
6,fetcher
6,uuid_holder
6,https://sync.outbrain.com/cookie-sync?p
6,perf_c
6,marketplace
6,marketplaceId
6,target1
6,cs800
6,dlrcs
6,play_button
6,itid
6,p43
6,uia
6,dimension6
6,wtbid
6,rfr2
6,reqpid
6,test
6,integration_id
6,playlist_id
6,adtg
6,cd[customerGroups]
6,pref_country
6,rtbnid
6,rtbbid
6,rtblt
6,rtbet
6,htgs
6,hfk
6,esc
6,cd[ipAreaId]
6,cd[segmentIds]
5,av_tc
5,c_content_type
5,c_content_name
5,pixel_key
5,current_page
5,dmm_m10
5,nt_secureConnectionStart
5,deviceToken
5,rcode
5,hmac
5,frefr
5,plcid
5,fp-debug
5,a_source
5,a_medium
5,a_campaign
5,a_content
5,a_type
5,tA
5,tE
5,tI
5,tU
5,tX
5,tY
5,tZ
5,libBID
5,cd[content_id]
5,cuid
5,_nc_vts_prog
5,vts
5,id5AccountNum
5,numCascadesAllowed
5,media_type
5,mt_aid
5,eg
5,cr_user_id
5,wt
5,customParameters/group:retargeting-Advertiser/item:KokWooncenter/type
5,customParameters/group:retargeting-Campaign/item:KokWooncenterWebsite/type
5,ntv_jtr
5,cd[product_price]
5,https://mwzeom.zeotap.com/mw?pid
5,iu
5,ret
5,efh
5,stk
5,fvc
5,e_su
5,orderid
5,pmReason
5,pmUrl
5,cd[categories]
5,cbx
5,bob_bk
5,lwuid
5,displayPercentage
5,https://id5-sync.com/c/102/2/6/3.gif?puid
5,pvr
5,buster
5,_fpv
5,_fpt
5,_fp2
5,bsw_uuid
5,userBuyeruid
5,dev
5,il1pi2cd7
5,il1pi3cd7
5,il1pi4cd1
5,il1pi4cd7
5,il1pi5cd1
5,il1pi5cd7
5,il1pi6cd7
5,DotomiTest
5,cm9
5,sessionid
5,usercookie
5,clsrc
5,clbv
5,gdprpurposes
5,dg
5,reg
5,idgoal
5,bmcl
5,sq
5,ck3
5,ck4
5,meta[twitter:image]
5,ctid
5,il1pi16nm
5,il1pi16ps
5,il1pi17nm
5,il1pi17ps
5,il1pi18nm
5,il1pi18ps
5,il1pi19nm
5,il1pi19ps
5,il1pi20nm
5,il1pi20ps
5,ta_redirect
5,pruuid
5,cd[order_id]
5,fa_fp[3][fa_id]
5,fa_fp[4][fa_vid]
5,fa_fp[4][fa_id]
5,fa_fp[4][fa_fv]
5,fa_fp[5][fa_vid]
5,fa_fp[5][fa_id]
5,fa_fp[5][fa_fv]
5,fa_fp[6][fa_vid]
5,fa_fp[6][fa_id]
5,fa_fp[6][fa_fv]
5,fa_fp[7][fa_vid]
5,fa_fp[7][fa_id]
5,fa_fp[7][fa_fv]
5,fa_fp[8][fa_vid]
5,fa_fp[8][fa_id]
5,fa_fp[8][fa_fv]
5,fa_fp[9][fa_vid]
5,fa_fp[9][fa_id]
5,fa_fp[9][fa_fv]
5,fa_fp[10][fa_vid]
5,fa_fp[10][fa_id]
5,fa_fp[10][fa_fv]
5,fa_fp[11][fa_vid]
5,fa_fp[11][fa_id]
5,fa_fp[11][fa_name]
5,fa_fp[11][fa_fv]
5,_redirect
5,burl
5,pid-10
5,pev-10
5,pid-11
5,pev-11
5,pclick
5,s2click
5,lgaddr
5,dsp_user_id
5,kaPcId
5,kaVers
5,kaK
5,kaV
5,kaE
5,kaD
5,languageCode
5,commit
5,site_name
5,browser_bucket
5,log_version
5,https://id5-sync.com/c/286/2/8/2.gif?puid
5,lenfreqs
5,ptchn
5,adxvars
5,rtbdata
5,rtbwp
5,uisv
5,part_id
5,ns_ap_an
5,ns_ap_pn
5,ns_ap_pv
5,ns_ap_ec
5,ns_ap_ev
5,ns_ap_device
5,ns_ap_id
5,ns_ap_csf
5,ns_ap_bi
5,ns_ap_pfm
5,ns_ap_pfv
5,ns_ap_ver
5,ns_ap_sv
5,ns_ap_bv
5,ns_ap_smv
5,ns_type
5,ns_ap_gs
5,ns_ts
5,ns_ap_cfg
5,ns_ap_env
5,ns_ap_ut
5,ns_ap_ar
5,ns_ap_cs
5,ns_ap_fg
5,ns_ap_dft
5,ns_ap_dbt
5,ns_ap_dit
5,ns_ap_as
5,ns_ap_das
5,ns_ap_usage
5,ns_radio
5,ns_ap_install
5,ns_ap_ft
5,ns_ap_bt
5,ns_ap_it
5,ns_ap_res
5,ns_ap_sd
5,ns_ap_po
5,ns_ap_lang
5,ns_ap_jb
5,mms_clnr
5,mms_tid
5,mms_subsite
5,fp_id
5,fp_cr_tm
5,fp_acc_tm
5,fp_emm_tm
5,aset
5,_kpa_page.page
5,_kpa_page.language
5,v64
5,_sw_ecwidid
5,ctt
5,cd[percent_scrolled]
5,meta[Description]
5,il1pi4cd3
5,GUIDs
5,adx_custom
5,pixt
5,advkey
5,opptykey
5,evkey
5,evtype
5,csurl
5,__upsales_v_b4aa53a474eb442b92875e3d25ed3f73_tracker
5,__upsales_v_b4aa53a474eb442b92875e3d25ed3f73_session
5,cou
5,cip
5,brn
5,AV_PUBLISHERID
5,cha
5,d37
5,AV_WIDTH
5,AV_HEIGHT
5,ofpr
5,fpo
5,pos
5,f_inpriv
5,f_abd
5,base_campaign_id
5,email_campaign_id
5,basket_timeout
5,video_current_time
5,video_displayed_stream_width
5,video_player_width
5,video_player_height
5,interactivity_length
5,interactivity_time_reference
5,$dat_token
5,$segtn
5,rtgidcountry
5,rtglanguage
5,rtglogged
5,tag[pflanzkuebeldirekt.Global]
5,CustomerCode
5,Token
5,UniqueID
5,lvl
5,subid
5,cd[custom_EventName]
5,cd[custom_EventType]
5,cd[custom_EventCategory]
5,cd[custom_EventAction]
5,cd[custom_EventLabel]
5,cd[scrolltiefe]
5,p14
5,p16
5,:sowero_de
5,EM_reListId
5,EM_del
5,EM_shopArtId
5,originalExtension
5,imaxsize
5,custom_identifier
5,typo
5,tag[Markierung_T2.AdvancedStore_RetaPixel_AT]
5,tagno
5,ApiVersion
5,reportingid
5,accCk
5,Page Label
5,Page Category
5,Page Name
5,Page Path
5,Page Title
5,nU
5,in_uid
5,in_sid
5,pVis
4,cbuster
4,pixel
4,engineKey
4,_kua_animalear_ev.act
4,_kpa_animalear_dp.nm
4,_kpa_animalear_dp.id
4,_kpa_animalear_tp.txn
4,_kpa_animalear_tp.sec
4,cd[tsop]
4,cd[lop]
4,cd[noaip]
4,cd[noims]
4,ask
4,blog_id
4,jetpack_version
4,_ui
4,_ut
4,_en
4,_ts
4,_lg
4,_pf
4,_ht
4,_wd
4,_sx
4,_sy
4,_dl
4,files_origin
4,files_ext
4,files_ssl
4,files_http1
4,files_http2
4,files_js
4,files_css
4,files_img
4,files_font
4,files_other
4,duration_js
4,duration_css
4,duration_img
4,duration_font
4,duration_other
4,hue
4,bri
4,https://id5-sync.com/c/146/19/5/5.gif?puid
4,digest
4,origThumbUrl
4,frmt
4,csid
4,isrc
4,lpsrc
4,locsrc
4,locsrcs
4,stName
4,isp
4,k0
4,ivx_gacid
4,ivx_uuid
4,t_pid
4,t_aid
4,t_cid
4,t_adv[c]
4,t_adv[a]
4,t_adv[w]
4,t_adv[o]
4,t_adv[b]
4,t_adv[fonts]
4,t_adv[fontsd]
4,t_adv[domBlockersd]
4,t_adv[sysFontPrefs]
4,t_adv[sysFontPrefsd]
4,t_adv[audio]
4,t_adv[audiod]
4,t_adv[screenFrame]
4,t_adv[osCpu]
4,t_adv[languages]
4,t_adv[colorDepth]
4,t_adv[screenResolution]
4,t_adv[hardwareConcurrency]
4,t_adv[timezone]
4,t_adv[sessionStorage]
4,t_adv[localStorage]
4,t_adv[indexedDB]
4,t_adv[platform]
4,t_adv[plugins]
4,t_adv[canvas]
4,t_adv[canvasd]
4,t_adv[touchSupport]
4,t_adv[vendorFlavors]
4,t_adv[cookiesSupported]
4,t_adv[math]
4,t_adv[customChecks]
4,t_adv[ua]
4,t_adv[jRtt]
4,t_adv[wos]
4,t_adv[wgl]
4,t_adv[wgld]
4,t_adv[uaIns]
4,t_adv[wd]
4,t_adv[elen]
4,t_adv[pls]
4,t_adv[ert]
4,t_adv[psb]
4,t_adv[frq]
4,t_adv[wprp]
4,t_adv[dprp]
4,t_adv[nprp]
4,t_adv[sbt]
4,t_adv[dek]
4,t_adv[wcl]
4,t_adv[wex]
4,t_adv[mtls]
4,t_adv[canvxt]
4,t_adv[canvxtd]
4,t_adv[hrl]
4,t_adv[hrld]
4,t_adv[sab]
4,https://datacloud.tealiumiq.com/vdata/i.gif?tealium_account
4,flash
4,ptt
4,pr1cd13
4,tap
4,cd[action_source]
4,campaign_context
4,campaign_widget_trigger
4,campaign_widget_type
4,business_id
4,h[referrer]
4,av
4,nonInteraction
4,utm_medium [first touch]
4,rra
4,rhn
4,ifs
4,gt
4,adjective
4,widget_code
4,valid_till
4,created_on
4,event_date
4,event_time
4,visitor_time
4,in_time
4,out_time
4,visitor_timezone
4,visitor_timezone_offset
4,session_count
4,company_id
4,master_company_id
4,domain_name
4,http_scheme
4,content
4,screen_resolution
4,visitor_url
4,widget_page_url
4,latitude
4,longitude
4,attribution64
4,http_host
4,browser
4,browser_version
4,il1pi1cd16
4,il1pi2cd16
4,il1pi3cd16
4,il1pi4cd16
4,il1pi5cd16
4,pr1cd16
4,e_cur
4,chk
4,https://s.cpx.to/ca.png?ref
4,size_id
4,pbjs
4,coppa
4,cd[gcs]
4,d_event
4,d_src
4,d_site
4,d_creative
4,d_placement
4,d_campaign
4,d_bust
4,hasConsent
4,idAgc
4,lnt
4,crt
4,cre
4,sbcre
4,gravatar_id
4,isip
4,oi
4,tool
4,quantity
4,ezimgfmt
4,captcha
4,plain
4,tpcid
4,hsr_ev[1][te]
4,hsr_ev[2][ti]
4,hsr_ev[2][x]
4,hsr_ev[2][y]
4,hsr_ev[3][ty]
4,tam
4,qty
4,seal_number
4,seal_size
4,tp_id
4,tp_uid
4,codice
4,pvts
4,pvtd
4,ftXRef
4,ftXType
4,ftXName
4,ftXNumItems
4,ftXCurrency
4,U2
4,U3
4,U4
4,U5
4,U6
4,U7
4,U8
4,U9
4,U10
4,U11
4,U12
4,U13
4,U14
4,U15
4,U16
4,U17
4,U18
4,U19
4,U20
4,il1pi6cd1
4,yco
4,yt
4,xco
4,dmpId
4,segments
4,rmsid
4,page_path
4,spa
4,latent
4,__stamp
4,top_referer
4,ViewCounts
4,cnv_a
4,cnv_cpid
4,cd[category_id]
4,partnercookieid
4,il1pi1cd2
4,meta[og:locale]
4,meta[article:modified_time]
4,meta[og:image:width]
4,meta[og:image:height]
4,meta[country]
4,meta[city]
4,meta[long]
4,meta[lat]
4,meta[apple-mobile-web-app-capable]
4,meta[mobile-web-app-capable]
4,meta[apple-mobile-web-app-title]
4,emrid
4,emsid
4,emvid
4,emnc
4,emtn
4,emhost
4,tpct
4,v46
4,wt.tz
4,wt.bh
4,wt.ul
4,wt.cd
4,wt.sr
4,wt.jo
4,wt.ti
4,wt.js
4,wt.bs
4,wt.dl
4,wt.ssl
4,wt.es
4,wt.protocole_http
4,wt.pg_type
4,wt.pn_type
4,wt.cg_n
4,wt.cnx_institution
4,wt.rv
4,wt.cairn_guest
4,wt.cairn_guest_ls_cp
4,ora.z_cairndomain
4,wt.tv
4,wt.ce
4,wt.vtid
4,wt.co_f
4,ora.tag_id
4,ora.tag_config
4,update_cache
4,idpcz
4,idmod
4,xtczv
4,cd[page_category]
4,cd60
4,cd66
4,x-oss-process
4,cv1
4,cv2
4,ey
4,cd[button_label]
4,cd[button_cs_id]
4,Reff
4,vidn
4,Eira
4,campaign
4,cm18
4,getPageLoadTime
4,v76
4,v77
4,prf
4,BUID
4,ctag
4,tag3[id]
4,tag3[name]
4,tag3[status]
4,tag3[executionTime]
4,tag4[id]
4,tag4[name]
4,tag4[status]
4,tag4[executionTime]
4,tag5[id]
4,tag5[name]
4,tag5[status]
4,tag5[executionTime]
4,tag6[id]
4,tag6[name]
4,tag6[status]
4,tag6[executionTime]
4,tag7[id]
4,tag7[name]
4,tag7[status]
4,tag7[executionTime]
4,tag8[id]
4,tag8[name]
4,tag8[status]
4,tag8[executionTime]
4,tag9[id]
4,tag9[name]
4,tag9[status]
4,tag9[executionTime]
4,tag10[id]
4,tag10[name]
4,tag10[status]
4,tag10[executionTime]
4,tag11[id]
4,tag11[name]
4,tag11[status]
4,tag11[executionTime]
4,tag12[id]
4,tag12[name]
4,tag12[status]
4,tag12[executionTime]
4,tag13[id]
4,tag13[name]
4,tag13[status]
4,tag13[executionTime]
4,tag14[id]
4,tag14[name]
4,tag14[status]
4,tag14[executionTime]
4,tag15[id]
4,tag15[name]
4,tag15[status]
4,tag15[executionTime]
4,tag16[id]
4,tag16[name]
4,tag16[status]
4,tag16[executionTime]
4,tag17[id]
4,tag17[name]
4,tag17[status]
4,tag17[executionTime]
4,tag18[id]
4,tag18[name]
4,tag18[status]
4,tag18[executionTime]
4,spv
4,tpv
4,tncid
4,3puuid
4,cmp_cs
4,profile_id
4,_kua_kelme_ev.act
4,_kpa_kelme_dp.nm
4,_kpa_kelme_dp.id
4,_kpa_kelme_tp.txn
4,_kpa_kelme_tp.sec
4,cols
4,auth
4,ns_if
4,auctionId
4,winningPrice
4,WebbinsCacheVersion
4,BVCRL8ID
4,numReviews
4,adformat
4,vtype
4,cosver
4,sx
4,sy
4,login
4,query
4,custom
4,custom2
4,values
4,https://match.justpremium.com/match/an?rid
4,kwrf
4,variable_name
4,dlKey
4,dlValue
4,cond
4,condValue
4,RenditionID
4,blueID
4,bsg
4,bsias
4,rpm_reason
4,beacon
4,save
4,rtgescversion
4,rtgtagid
4,rtgengagementscore
4,servicedefault
4,logon
4,Referer
4,ck1
4,uai
4,pft
4,icp
4,ver1
4,5
4,6
4,7
4,dbgcid
4,penv
4,ldp
4,icpl
4,irfl
4,irf
4,cty
4,fcs
4,flky
4,spfp
4,spfnp
4,sp1
4,sp2
4,det
4,spf
4,gpu
4,flerr
4,fio
4,v58
4,v59
4,tag12id
4,tag12nm
4,tag12st
4,tag12et
4,tag13id
4,tag13nm
4,tag13st
4,tag13et
4,tag14id
4,tag14nm
4,tag14st
4,tag14et
4,tag15id
4,tag15nm
4,tag15st
4,tag15et
4,extra2
4,v108
4,v109
4,sSym
4,CACHE
4,render
4,achievement
4,scl
4,amc
4,t[0]
4,t[1]
4,t[2]
4,t[3]
4,stt
4,sinu
4,sins
4,url_pathname
4,_utests
4,countries
4,geoCountry
4,s_referrer
4,ox_sc
4,fo
4,enabled
4,ImID
4,fTy
4,rstk
4,t_ver
4,crm
4,options
4,hb_bid
4,hb_cpm
4,hb_ccy
4,hb_dealid
4,cappid
4,capp
4,mcrdbt
4,insid
4,isLazy
4,rtbptnid
4,cftgid
4,cd[internal_traffic]
4,redirected_to_cn
4,error_msg
4,nv_fallback
4,conversion_type
4,getVisitNum
4,endOfDatePeriod
4,getValOnce
4,getNewRepeat
4,rfl
4,getPreviousValue
4,getQueryParam
4,l2
4,v88
4,v92
4,v93
4,v94
4,tref
4,WT.vt_f_tlv
4,WT.vt_f_d
4,WT.vt_f_s
4,WT.vt_f_a
4,WT.vt_f
4,srvnocache
3,xtmp
3,amount
3,evttyp
3,vgd_hb_audit_1
3,vgd_hb_audit_2
3,katbid
3,bdrid
3,subBdr
3,startTime
3,l2type
3,vgd_l1rakh
3,l1ch
3,sttm
3,upk
3,verid
3,vgd_bdata
3,matchstring
3,vgd_matchstr
3,lineitemid
3,vstrid
3,infr
3,stime
3,vgd_ecrid
3,l1hcsd
3,vgd_isiolc
3,clp
3,vgd_fcm_enc_mis
3,l2ch
3,email
3,eventdata
3,user_content_key
3,lib
3,cd[id]
3,AMAZON_REGION_SPECIFIC_ENDPOINT
3,src.visitorID
3,https://s.amazon-adsystem.com/ecm3?id
3,rdr
3,ssn
3,ssn_dr
3,ssn_sr
3,fv_date
3,scr_res
3,fz_uniq
3,isInitialPageLoad
3,isEmbedded
3,shareModelId
3,applicationId
3,ti2
3,ur2
3,k1
3,i1
3,y1
3,t_adv[languagesd]
3,t_adv[screenResolutiond]
3,t_adv[indexedDBd]
3,t_adv[cookiesSupportedd]
3,t_adv[erfd]
3,x_stats-initial-visibility
3,idt
3,pr1cd10
3,__v
3,hex
3,ta_partner_did
3,ta_format
3,uac
3,max-width
3,max-height
3,matched
3,utm_medium [last touch]
3,bp
3,https://dc.arrivalist.com/pj/proc.php?auid
3,gid
3,focalPoints
3,pxid
3,lc
3,cld
3,categoryId
3,https://dpx.airpr.com/anpx?adnxs_uid
3,il1pi6va
3,il1pi7va
3,pmClient
3,werkstoff
3,form
3,tpsync
3,https://eb2.3lift.com/xuid?mid
3,image_play_button_size
3,image_play_button
3,image_play_button_color
3,privacyConsent
3,devicefp
3,browserCache
3,localCache
3,cookieType
3,nocookies
3,ios
3,skey
3,ccpt
3,on
3,https://idsync.frontend.weborama.fr/ids?key
3,d.v
3,pr2va
3,pr3va
3,pr4va
3,pr5va
3,pr6va
3,pr7id
3,pr7nm
3,pr7va
3,pr7ca
3,pr7br
3,pr7qt
3,pr7pr
3,bounced
3,dtstmp
3,ClientID
3,hsr_ev[1][x]
3,hsr_ev[1][y]
3,hsr_ev[2][s]
3,pep
3,small:int
3,inViewport
3,depth
3,usm
3,AWSAccessKeyId
3,vendorName
3,extensionName
3,pluginName
3,controllerName
3,actionName
3,formatName
3,L
3,il1pi7cd1
3,il1pi7cd7
3,il1pi8cd1
3,il1pi8cd7
3,il1pi9cd1
3,il1pi9cd7
3,brandid
3,https://c.deployads.com/cs/XNDR?b
3,invsrc
3,cookieid
3,cs_xs
3,sri
3,tmc
3,bkn
3,ety
3,pgn
3,pgu
3,https://mmtro.com/s?tagid
3,swidth
3,sheight
3,_knopii
3,tc_firsttime
3,pgst
3,calc
3,nsid
3,rsta
3,pgtf
3,ccpg
3,csci
3,ef_policy
3,xe
3,context_id
3,ccd
3,entry_point
3,button_id
3,hosted_button_id
3,bn_code
3,tmpl
3,ckusr
3,charitylogo
3,amttyp
3,autord
3,rdtyp
3,gstalwd
3,pp_flow
3,one_touch_enabled
3,pglk
3,ui_type
3,is_allow_note
3,has_note
3,allow_amount_edit
3,pointOfSale
3,trackingSource
3,custom.stats
3,tagUuid
3,cjUser
3,promo13id
3,promo13nm
3,int_id
3,hsLang
3,meta[p:domain_verify]
3,ies
3,pageview
3,return_url
3,ora.c_id
3,ora.elq.vid
3,cuidchk
3,acctid
3,auiddc
3,plaid
3,payload_campaign_identifier
3,payload_timestamp
3,payload_type
3,udff[fn]
3,current
3,before
3,after
3,cliccz
3,dest
3,posx
3,posy
3,pmed
3,s2med
3,customParamenters
3,mr
3,eoq
3,il1pi1cd46
3,il1pi1cd47
3,il1pi1cd44
3,il1pi1cd43
3,il1pi1cd42
3,il1pi1cd41
3,il1pi2cd46
3,il1pi2cd47
3,il1pi2cd44
3,il1pi2cd43
3,il1pi2cd42
3,il1pi2cd41
3,il1pi3cd46
3,il1pi3cd47
3,il1pi3cd44
3,il1pi3cd43
3,il1pi3cd42
3,il1pi3cd41
3,pid-12
3,pev-12
3,pid-13
3,pev-13
3,utmpg
3,promoId
3,slotId
3,wpos
3,tili
3,anchors
3,trf
3,cd[buttonText]
3,cd[dominiovisitado]
3,cm19
3,cm20
3,cm21
3,cd[customLanguage]
3,cd[customAction]
3,cd[customLabel]
3,diagnostics
3,https://tag.leadplace.fr/wappnxs.php?uid
3,dd_uuid
3,mmuuid
3,id_part
3,WEBO_CID
3,https://loadm.exelator.com/load/?p
3,yahoo_ver
3,yahoo_id
3,fg
3,iss
3,ics
3,isAvailable
3,il1pi2cd17
3,il1pi1cd17
3,eflg
3,_d
3,custom_language
3,cd[custom_language]
3,https://www.govisitdonegal.com:443/CMSPages/PortalTemplate.aspx?ext
3,src.AllPages
3,src.Homepage
3,cd[InsArtic]
3,strAccGUID
3,strScriptID
3,strIsMobile
3,strPageUrl
3,seed
3,idc
3,tpk
3,fore
3,back
3,tagver
3,jo
3,post_id
3,cd[minutes_spent]
3,mood[]
3,ipb
3,ody
3,odc
3,etm
3,mtd
3,bto
3,adslotid
3,clientver
3,pageloadid
3,siteenv
3,doc_type
3,cd[[GX] KVNL | No orders in the last 180 days and Setting method unknown]
3,micro_hp_id
3,cd[event_category]
3,cd[event_label]
3,adhost
3,il1pi1cm1
3,il1pi2cm1
3,il1pi3cm1
3,pi_opt_in
3,_et
3,epn.percent_scrolled
3,plId
3,oN
3,gdpr_domain
3,use_corp
3,atyp
3,ogsr
3,ogd
3,ogprm
3,hol_cpm
3,stats
3,timing
3,ufa
3,ufc
3,ufd
3,udsh
3,udsw
3,udso
3,lph
3,sia
3,pnpv
3,ugcy
3,ugcn
3,udt
3,udbn
3,udon
3,pdi
3,pdn
3,sem
3,baseAppId
3,cloudiq_cart_started
3,cloudiq_page_load
3,destinationURL
3,modified
3,devicePixelRatio
3,long1
3,long2
3,long3
3,string1
3,string2
3,string3
3,time_since_start
3,time_since_last
3,client_side_auction
3,block
3,renderedExp
3,c72
3,v72
3,v73
3,cp776
3,__upsales_v_367b0a203fc84507941a18c3add1177a_tracker
3,__upsales_v_367b0a203fc84507941a18c3add1177a_session
3,spid
3,wfid
3,src.domain
3,src.url
3,versie
3,vendorref
3,ordertime
3,tagsCode
3,combination
3,sId
3,akam_redir
3,product_is_global
3,product_catalog
3,product_eans
3,product_ean
3,product_set_auto
3,widget_remote_conf_id
3,flsrc
3,adblocker
3,hubspot
3,product_ids[4]
3,product_ids[5]
3,pagereferrer
3,cd[pagereferrer]
3,v119
3,cp_userState
3,cd[CT8sKlc7MjsxHzM-HRgE]
3,cd[CT8sKlc7Mjs2EyEv]
3,cd[ASk]
3,cd[BCw2JEE2MAE]
3,cd[GDg6L10kPzsmCyUv]
3,cd[GyQsJg]
3,cd[HCQsL1E]
3,dcsref
3,player_host
2,ruxId
2,goid
2,mailpoet_version
2,ntv_tg
2,fe
2,perf
2,xhr
2,KeyName
2,tracking
2,transtype
2,merchantID
2,anonymous_id
2,write_key
2,datonics_id
2,cd[anonymous_id]
2,cd[query_name]
2,nt_redirectStart
2,nt_redirectEnd
2,cd[threshold]
2,ssn_start
2,browser[user_agent]
2,browser[response_time_ms]
2,browser[processing_time_ms]
2,browser[load_time_ms]
2,jwt
2,oh2
2,uids
2,https://go.flx1.com/uid?anuid
2,anuid
2,t_adv[colorDepthd]
2,t_adv[permsd]
2,t_adv[psbd]
2,t_adv[wprpd]
2,t_adv[nprpd]
2,t_adv[screenFramed]
2,t_adv[plend]
2,t_adv[dprpd]
2,t_adv[aprmd]
2,t_adv[bdfd]
2,t_adv[timezoned]
2,rwcache
2,cr_col
2,cr_row
2,fwrn
2,lmt
2,rafmt
2,psa
2,crui
2,fwr
2,wgl
2,bpp
2,bdt
2,saldr
2,abxe
2,prev_fmts
2,nras
2,correlator
2,ga_vid
2,ga_sid
2,ga_hid
2,ga_fc
2,u_sd
2,adx
2,ady
2,biw
2,bih
2,scr_x
2,scr_y
2,pem
2,tmod
2,eae
2,brdim
2,pfx
2,uci
2,xpc
2,dtd
2,il1pi5cm10
2,il1pi5cm11
2,cd[num_items]
2,dns_latency
2,conn_latency
2,resp_latency
2,resp_duration
2,dom_interact
2,dom_load
2,page_load
2,campaign_type
2,non_interaction
2,remote_uid
2,c_param1
2,pr1cd3
2,pr1cd4
2,dispatch
2,breadcrumbs[1][metaData][query]
2,breadcrumbs[1][metaData][type]
2,breadcrumbs[1][name]
2,breadcrumbs[1][timestamp]
2,breadcrumbs[1][type]
2,breadcrumbs[2][metaData][page]
2,breadcrumbs[2][metaData][pixelTracking]
2,breadcrumbs[2][metaData][platform]
2,breadcrumbs[2][metaData][profile]
2,breadcrumbs[2][metaData][type]
2,breadcrumbs[2][metaData][viewer]
2,breadcrumbs[2][name]
2,breadcrumbs[2][timestamp]
2,breadcrumbs[2][type]
2,breadcrumbs[3][metaData][playback]
2,breadcrumbs[3][metaData][tracks]
2,breadcrumbs[3][metaData][type]
2,breadcrumbs[3][name]
2,breadcrumbs[3][timestamp]
2,breadcrumbs[3][type]
2,breadcrumbs[4][metaData][secret]
2,breadcrumbs[4][metaData][type]
2,breadcrumbs[4][name]
2,breadcrumbs[4][timestamp]
2,breadcrumbs[4][type]
2,breadcrumbs[5][metaData][type]
2,breadcrumbs[5][name]
2,breadcrumbs[5][timestamp]
2,breadcrumbs[5][type]
2,breadcrumbs[6][metaData][type]
2,breadcrumbs[6][name]
2,breadcrumbs[6][timestamp]
2,breadcrumbs[6][type]
2,metaData[graphResponse][status]
2,metaData[graphResponse][statusText]
2,metaData[groupingHash]
2,metaData[raw]
2,metaData[resourceStatus][app][state]
2,metaData[resourceStatus][app][timing]
2,metaData[resourceStatus][language][state]
2,metaData[resourceStatus][language][timing]
2,metaData[resourceStatus][polyfill][state]
2,metaData[resourceStatus][polyfill][timing]
2,metaData[resourceStatus][preview][state]
2,metaData[resourceStatus][vendor][state]
2,metaData[resourceStatus][vendor][timing]
2,orderNumber
2,orderValue
2,extjs
2,pageImp
2,sizeId
2,zMoatAdUnit1
2,zMoatAdUnit2
2,zMoatAdUnit3
2,zMoatPOS
2,zMoatAdUnit4
2,zMoatAdUnit5
2,N
2,rqs
2,ImageId
2,OASCAP
2,OAZCAP
2,OASZCAP
2,ots
2,otui
2,otr
2,otor
2,otpe
2,config
2,index
2,e_pr
2,e_iids
2,webouuid
2,atf
2,adIdS
2,uIdS
2,il1pi8va
2,pmTime
2,cacheVersion
2,max-age
2,impid
2,dvpx_gfbc
2,nll
2,srcref
2,landing
2,requestedAt
2,cd[segID]
2,shopDomain
2,vsn
2,ez_used_css_s
2,rdir
2,DC
2,cti
2,ctv
2,ctd
2,family
2,listenerId
2,BOUNCE
2,site_level2
2,videopage
2,pxref
2,cs_it
2,tcfv1
2,tcfv2
2,usp
2,hsr_ev[1][s]
2,fonts
2,sfe
2,td_s
2,rcats
2,mcat
2,mfld
2,uhow
2,rgz
2,svbttd
2,osf
2,rlangs
2,svpid
2,rcxt
2,tmpc
2,mk
2,mdl
2,dur
2,durs
2,grdc
2,ict
2,auct
2,mc
2,pie
2,vet
2,pr1cd42
2,https://id5-sync.com/c/441/19/4/6.gif?puid
2,vis_type
2,rtgidcat
2,cd[download_url]
2,cd[download_type]
2,cd[download_name]
2,crdp
2,sc_project
2,security
2,sc_snum
2,jg
2,sc_random
2,a.pv
2,fallback
2,site-info
2,t4
2,meta[msapplication-square48x48logo]
2,meta[msapplication-square72x72logo]
2,meta[custom meta field]
2,meta[twitter:title]
2,meta[twitter:description]
2,meta[next-head-count]
2,meta[content_type]
2,meta[custom_meta_image]
2,meta[subcategory]
2,xr
2,category_id
2,objectname
2,cd[objectname]
2,itemprop
2,VI
2,visit_new
2,bzuid
2,c46
2,exu
2,cd[locale]
2,companycode
2,mi_u
2,mi_cid
2,cdate
2,anon
2,evr4-10
2,evr4-11
2,newportal
2,pbid
2,req_cnt
2,v250
2,tan
2,c48
2,c65
2,v67
2,vcid
2,scrw
2,scrh
2,scriw
2,scrih
2,page_info
2,acct
2,cd[utm_source]
2,cdmiv
2,hashcode
2,identifier
2,cd[tax_category]
2,consentString
2,shop
2,cd[Source]
2,cd[Medium]
2,cd[Campaign]
2,udff[ct]
2,tag[ejoker.Global]
2,ctm_form_id
2,ctm_form_ctx_id
2,videoContent
2,itsd
2,CachePrevention
2,__Cache
2,v-args
2,vec
2,vdb
2,bootstrapVersion
2,data[kupona2017]
2,usertoken
2,daystolive
2,promo13cr
2,promo13ps
2,cd[hasProductionAccountCookie]
2,cd[hasMarketingConsent]
2,cd[RevenueRange]
2,dimension4
2,char
2,period
2,lastClickTime
2,startMousePosition
2,mouseTimes
2,mouseWheelUp
2,mouseWheelDown
2,mouse
2,mousePositions
2,paramend
2,eq_cc
2,id30m
2,nb_22
2,nb_23
2,nb_24
2,rounded
2,person_id
2,_kpa_url_path_2
2,plm
2,modules
2,trace
2,errorType
2,cookieId
2,customScriptUpdatedAt
2,bee_sync_current_partner
2,bee_sync_hop_count
2,cognitiv_id
2,dimension3
2,ti3
2,ur3
2,r3
2,oh3
2,viewport
2,medium
2,character_set
2,server_response_time
2,page_download_time
2,page_load_time
2,total_load_time
2,vuid
2,new_user
2,zaius_js_version
2,tracker_id
2,data_source_type
2,data_source
2,data_source_instance
2,data_source_version
2,vaid
2,fileticket
2,portalid
2,preferred_locale
2,AG_PID
2,imgeng
2,nec
2,nes
2,busassid
2,ne_conv
2,ne_conv_type
2,ne_loc_ad_ext_id
2,ne_url
2,ne_ti
2,ne_tz
2,ne_ch
2,ne_js
2,ne_ul
2,ne_sr
2,ne_cd
2,ne_jo
2,ne_Type
2,is_new_usr
2,islanding
2,nex_channel
2,website_id
2,videoplcmt
2,devicetype
2,GAM
2,Final
2,bnid
2,wbidder
2,asrc
2,adiq
2,adUnitPath
2,divid
2,bidResps
2,bidReqs
2,parentid
2,spgid
2,uhad
2,xcrid
2,pagecat
2,snocache
2,forwardingAction
2,mediaType
2,pageUrl
2,bannerId
2,contentUnitId
2,impressionId
2,contacts
2,ait
2,cpid
2,PBidId
2,curl
2, width
2,_referer_url
2,cd[item_ids]
2,cd[product_names]
2,_nc_aid
2,owa_timestamp
2,owa_page_url
2,owa_page_title
2,owa_event_type
2,owa_cv1
2,owa_cv2
2,owa_cv3
2,owa_cv6
2,owa_cv7
2,owa_cv8
2,owa_cv9
2,owa_is_new_visitor
2,owa_visitor_id
2,owa_fsts
2,owa_dsfs
2,owa_session_id
2,owa_is_new_session
2,owa_nps
2,owa_dsps
2,owa_medium
2,owa_source
2,owa_search_terms
2,owa_session_referer
2,owa_site_id
2,pid-14
2,pev-14
2,pid-15
2,pev-15
2,pid-16
2,pev-16
2,pid-17
2,pev-17
2,pid-18
2,pev-18
2,pid-19
2,pev-19
2,pid-20
2,pev-20
2,pid-21
2,pev-21
2,pid-22
2,pev-22
2,pid-23
2,pev-23
2,eaId
2,il1pi2cd2
2,il1pi3cd2
2,cd02
2,facepad
2,mask
2,_kua_miscota_ev.act
2,_kpa_miscota_dp.nm
2,_kpa_miscota_dp.id
2,_kpa_miscota_tp.txn
2,_kpa_miscota_tp.sec
2,rnr
2,mst
2,topLoc
2,pview_had_consent
2,gdpr_method
2,fa_vid
2,fa_id
2,fa_fv
2,ud[fbp]
2,vgd_pbcm
2,screeninfo
2,pbasrc
2,pbcm
2,abe
2,embed_hidden
2,load_time
2,thread
2,thread_slug
2,user_type
2,tracking_enabled
2,promoted_enabled
2,max_enabled
2,rating
2,retailerToken
2,preloadAdBreaks
2,onReady
2,ula
2,appnexusid
2,prbdsup
2,d16
2,prbdres
2,object_id
2,advertisement_id
2,x-expires
2,x-signature
2,configuration
2,subId
2,deviceWidth
2,deviceHeight
2,embedWidth
2,view_cat_event
2,view_cat_name
2,view_name
2,view_cat_url
2,zw
2,xar_id
2,bidID
2,traceID
2,dspID
2,cmpro
2,_ctnrid
2,MMId
2,GAId
2,cookieallowed
2,usps
2,errorOnPlaceholder
2,cxtSgmt
2,pgcatiab2
2,pgcatiab
2,pgcatsprig
2,mp_seg<>
2,publicationId
2,CID
2,AFID
2,ADID
2,adBlockedAA
2,packetId
2,pageGroup
2,camp
2,affiliate
2,mediacode
2,utm_term
2,v69
2,rcm
2,notid
2,cd01
2,_biz_ou
2,om_account_type
2,om_c
2,om_fallback_c
2,culture
2,TCSESSION
2,pk_campaign
2,dat
2,preview
2,subfolder_nav_tracking
2,tag[d20c5eca01.fc94c7e24a]
2,player_height
2,player_width
2,rebuffering_seconds
2,qos.frames.dropped
2,qos.frames.total
2,il1pi1cd6
2,il1pi2cd6
2,il1pi3cd6
2,il1pi4cd6
2,il1pi5cd6
2,il1pi6cd6
2,with
2,custom_country
2,custom_store
2,cd[custom_country]
2,cd[custom_store]
2,mpid
2,muid
2,cloudiqOverlayImpression
2,pmc
2,migClientId
2,migAction
2,migSource
2,eccn
2,e_pia
2,eTagsV2
2,content_v
2,devicever
2,bti
2,break_type
2,conn
2,m_pos
2,p_h
2,p_w
2,rwt
2,slot_pos
2,vol
2,ad_len
2,ad_sys
2,ad_v
2,sli
2,slfs
2,loginael
2,thumbnailType
2,X-OWA-CANARY
2,owa
2,scriptVer
2,animation
2,com
2,pg_hd
2,publisherId
2,useAllCategories
2,useOnlyCategories
2,pageTitle
2,pageDescription
2,extvars
2,score
2,types
2,is_test
2,ntid
2,ipAreaId
2,ipAreaIsUsedProfile
2,ipAreaIpId
2,bwidth
2,bheight
2,mas[hubspot]
2,subtype
2,aw_0_req.gdpr
2,r_nw
2,r_str
2,r_ao
2,r_rqtr
2,gen204_fraction
2,r_cab
2,r_cui
2,cd[ASMsMVs]
2,reload
2,inav
2,cd[WVDE - Customers - Not registered]
2,cd[WBBE - Customers - Not registered]
2,cd[WBNL - Customers - Not registered]
2,cd[WVNL - Customers - Not registered]
2,dcsredirect
2,dcstlh
2,dcstlv
2,btgId
2,cookieBid
2,isOptin
1,https://id5-sync.com/c/102/2/7/3.gif?puid
1,tpidqa
1,cd[google_product_category]
1,cd[event_id]
1,cd[eventId]
1,cd[slen30]
1,cd[slen60]
1,cd[slen90]
1,cd[slen120]
1,dst
1,cd[tax_case-studies-category]
1,cd[num_ids]
1,cd[search_string]
1,wmID
1,action_id
1,p_dns_s
1,p_dns_e
1,p_tcp_s
1,p_tcp_e
1,p_req
1,p_res_s
1,p_res_e
1,p_di
1,p_dcl_s
1,p_dcl_e
1,p_dc
1,r_style_s
1,r_style_e
1,r_script_s
1,r_script_e
1,r_img_s
1,r_img_e
1,r_iframe_s
1,r_iframe_e
1,r_ajax_s
1,r_ajax_e
1,pg_act
1,_sponsorship_status
1,balph
1,blend
1,high
1,t_adv[hardwareConcurrencyd]
1,t_adv[localStoraged]
1,t_adv[elend]
1,t_adv[ertd]
1,t_adv[frqd]
1,t_adv[sbtd]
1,t_adv[osCpud]
1,t_adv[deviceMemoryd]
1,t_adv[openDatabased]
1,t_adv[touchSupportd]
1,t_adv[vendord]
1,t_adv[vendorFlavorsd]
1,t_adv[colorGamutd]
1,t_adv[invertedColorsd]
1,t_adv[forcedColorsd]
1,t_adv[reducedMotiond]
1,t_adv[mathd]
1,t_adv[customChecksd]
1,t_adv[uaDatd]
1,t_adv[wosd]
1,t_adv[uaInsd]
1,t_adv[wcld]
1,t_adv[wexd]
1,t_adv[mtlsd]
1,t_adv[wdd]
1,t_adv[plsd]
1,t_adv[jRttd]
1,ll_is_anonymize_ip
1,cult
1,deviceScaleFactor
1,er
1,i_lang
1,s_bl
1,s_ll
1,s_geo
1,s_nl
1,alg_sig
1,btvi
1,aurl
1,product_id
1,logType
1,breadcrumbs[5][metaData][query]
1,breadcrumbs[6][metaData][name]
1,breadcrumbs[7][metaData][errors]
1,breadcrumbs[7][metaData][form]
1,breadcrumbs[7][metaData][type]
1,breadcrumbs[7][name]
1,breadcrumbs[7][timestamp]
1,breadcrumbs[7][type]
1,breadcrumbs[8][metaData][queryIds]
1,breadcrumbs[8][metaData][type]
1,breadcrumbs[8][name]
1,breadcrumbs[8][timestamp]
1,breadcrumbs[8][type]
1,breadcrumbs[9][metaData][name]
1,breadcrumbs[9][metaData][params]
1,breadcrumbs[9][metaData][type]
1,breadcrumbs[9][name]
1,breadcrumbs[9][timestamp]
1,breadcrumbs[9][type]
1,breadcrumbs[5][metaData][errors]
1,breadcrumbs[5][metaData][form]
1,breadcrumbs[6][metaData][queryIds]
1,_f
1,_m
1,atv
1,cj
1,s_exch
1,shardkey
1,nfy_act
1,bfip
1,rx
1,zMoatSlot
1,zMoatMMV_MAX
1,zMoatMData
1,zMoatMSafety
1,zMoatMGV_MAX
1,zMoatMMV
1,zMoatMGV
1,zMoatCURL
1,zMoatDev
1,dfp
1,iq
1,border-radius
1,border
1,ct0
1,pr1cd8
1,pr1cd9
1,nt_ssl_st
1,vis.st
1,ua.plt
1,sch
1,scw
1,rct
1,nty
1,nst
1,rst
1,dnn
1,cns
1,cnn
1,rss
1,rsn
1,dlg
1,din
1,dls
1,dln
1,dcp
1,lnd
1,ust
1,und 
1,xscs
1,forcedefault
1,ntv_r1
1,ntv_r2
1,ntv_r3
1,ntv_r4
1,ntv_jlt
1,ntv_jad
1,ntv_jte
1,navigation_type
1,ga_client_id
1,cd[content_section]
1,_kua_maskokotas_ev.act
1,_kpa_maskokotas_dp.nm
1,_kpa_maskokotas_dp.id
1,_kpa_maskokotas_tp.txn
1,_kpa_maskokotas_tp.sec
1,tth
1,lnk
1,page[category][id]
1,page[category][label]
1,page[category][path]
1,page[product][id]
1,page[product][label]
1,page[product][sku]
1,UIBS
1,cd[label]
1,cd[href]
1,cd[sourceNodeName]
1,cd[type]
1,cd[pageTitle]
1,cd[pageX]
1,cd[pageY]
1,cd[clientX]
1,cd[clientY]
1,pmCount
1,video_still_time
1,resource-content-type_tax
1,pidn
1,brwsr
1,brwsrsig
1,ps_r
1,package
1,https://tag-api-2-1.ccgateway.net/v1/event/record/user-sync?src=xandr&id=spisbedre.dk&parentId=94f5d7de5b&ccsid=d111f0c0-0d84-487b-898f-0579aaf60e40&ccuid=f7288e2a-80a0-47f9-a290-84e33175d797&ccpt=0&pvid=fe5db58349b64e48a700dba2c7e6c78b&engid=f630c30fcee44b86a7a267ff9c3c4b85&engcount=0&engttl=60&puid
1,https://tag-api-2-1.ccgateway.net/v1/event/record/user-sync?src=xandr&id=spisbedre.dk&parentId=94f5d7de5b&ccsid=d111f0c0-0d84-487b-898f-0579aaf60e40&ccuid=f7288e2a-80a0-47f9-a290-84e33175d797&ccpt=0&pvid=ff35e44ee63a4f68abcaa34e3dd3a0dc&engid=ffd09aa490064428a7ab62c557443181&engcount=0&engttl=60&puid
1,https://tag-api-2-1.ccgateway.net/v1/event/record/user-sync?src=xandr&id=spisbedre.dk&parentId=94f5d7de5b&ccsid=d111f0c0-0d84-487b-898f-0579aaf60e40&ccuid=f7288e2a-80a0-47f9-a290-84e33175d797&ccpt=0&pvid=c00dc0a886064f2f82ea0642d5facaef&engid=4ec28cc5693245a3adc02edf4975717d&engcount=0&engttl=60&puid
1,pn_count
1,sub1
1,aff_code
1,white
1,landscape
1,characters
1,src_host
1,trc_hosts
1,ibpiv
1,dealType
1,ibp
1,percentViewable
1,https://id5-sync.com/c/102/2/7/2.gif?puid
1,ws
1,pixel_cid
1,cd[site_name]
1,il1pi16pr
1,il1pi17pr
1,il1pi18pr
1,il1pi19pr
1,il1pi20pr
1,il1pi21id
1,il1pi21pr
1,il1pi22id
1,il1pi22pr
1,il1pi23id
1,il1pi23pr
1,il1pi24id
1,il1pi24pr
1,il1pi25id
1,il1pi25pr
1,il1pi26id
1,il1pi26pr
1,il1pi27id
1,il1pi27pr
1,il1pi28id
1,il1pi28pr
1,hsr_ev[0][x]
1,hsr_ev[0][y]
1,hsr_ev[3][ti]
1,hsr_ev[3][x]
1,hsr_ev[3][y]
1,hsr_ev[4][ti]
1,hsr_ev[4][ty]
1,hsr_ev[4][te]
1,hsr_ev[5][ti]
1,hsr_ev[5][ty]
1,hsr_ev[5][x]
1,hsr_ev[5][y]
1,hsr_ev[6][ti]
1,hsr_ev[6][ty]
1,hsr_ev[6][x]
1,hsr_ev[6][y]
1,hsr_ev[7][ti]
1,hsr_ev[7][ty]
1,hsr_ev[7][s]
1,hsr_ev[7][x]
1,hsr_ev[7][y]
1,sess_id
1,campaignID
1,__ddfp
1,kulcsszo_idk
1,-g
1,chid
1,crtid
1,dvis
1,adpt
1,ipl
1,zMoatCachebuster
1,zMoatCreative
1,zMoatDealID
1,zMoatImpressionId
1,zMoatPartnerID
1,zMoatSite
1,zMoatSupplyVendor
1,zMoatTempIDs
1,zMoatViewType
1,zMoatOtherScript
1,zMoatOtherHash
1,zMoatAttention
1,zMoatDR
1,zMoatPublisherID
1,cd[checkin_date]
1,cd[num_adults]
1,cd[num_children]
1,pr1cd20
1,pr1cm1
1,pr1cm2
1,pr1cm3
1,pr1cm4
1,pr1cm5
1,pr1cd21
1,pr1cd22
1,pr1cd23
1,pr1cd24
1,pr1cd25
1,pr1cd26
1,pr1cd27
1,pr1cd40
1,pr1cd41
1,pr1cd43
1,pr1cd44
1,pr1cd45
1,t_rs
1,t_re
1,app_code
1,sc_rum_e_s
1,sc_rum_e_e
1,rcat
1,bb
1,rdomo
1,rdomg
1,a.vt
1,ilevel
1,scolor
1,slang
1,areas
1,cc_url
1,et_source_url
1,et_ref
1,cc_ordercurr
1,cc_ordertype
1,cc_baskettype
1,et_bs
1,et_cblk
1,et_cd
1,cd[pageUrl]
1,cd[pageCountry]
1,ttd_tdid
1,displaypage
1,ppage
1,bannertype
1,flag
1,bannerversion
1,bannersource
1,eligibility_reason
1,is_native
1,cookie_disabled
1,uicomp
1,uitype
1,imsrc
1,t1c
1,t1d
1,t1s
1,t4d
1,t4e
1,rdc
1,rtt
1,profile.text
1,pvmf
1,dlid
1,zanpid
1,awv
1,vo
1,targeturl
1,ext_publisher_id
1,no
1,ckurl
1,https://www.awin1.com/cawshow.php?v
1,spfr
1,awc
1,promo14id
1,promo14nm
1,promo15id
1,promo15nm
1,camefrom
1,invisible
1,cartId
1,itemsCount
1,viewMode
1,?v
1,bJmaI
1,appieruid
1,objectIdentifier
1,objectZipcode
1,adexDmpUserId
1,axd_fld
1,CustomerID
1,_captcha_ns
1,Source
1,SourceType
1,Client
1,us
1,https://images02.fasad.eu/160/400110/1564807/large/15765117.jpg?width
1,https://images02.fasad.eu/160/400113/1567929/large/15840473.jpg?width
1,https://images02.fasad.eu/160/400113/1568653/large/15839659.jpg?width
1,https://images02.fasad.eu/160/400110/1567949/large/15825197.jpg?width
1,https://images02.fasad.eu/160/400110/1426699/large/15784137.jpg?width
1,https://images02.fasad.eu/160/400110/1567211/large/15806857.jpg?width
1,https://images02.fasad.eu/160/400110/1563877/large/15782071.jpg?width
1,https://images02.fasad.eu/160/400110/1565475/large/15796471.jpg?width
1,https://images02.fasad.eu/160/400110/1565287/large/15805801.jpg?width
1,https://images02.fasad.eu/160/400110/1570387/large/15828567.jpg?width
1,https://images02.fasad.eu/160/400113/1565885/large/15770905.jpg?width
1,https://images02.fasad.eu/160/400110/1567577/large/15812239.jpg?width
1,https://images02.fasad.eu/160/400110/1556141/large/15599205.jpg?width
1,https://images02.fasad.eu/160/400110/1548487/large/15777345.jpg?width
1,https://images02.fasad.eu/160/400110/1554709/large/15777549.jpg?width
1,https://images02.fasad.eu/160/400110/1558709/large/15653509.jpg?width
1,https://images02.fasad.eu/160/400110/1563815/large/15754015.jpg?width
1,https://images02.fasad.eu/160/400110/1563213/large/15747511.jpg?width
1,https://images02.fasad.eu/160/400113/1511093/large/15119019.jpg?width
1,https://images02.fasad.eu/160/400110/1561713/large/15730447.jpg?width
1,https://images02.fasad.eu/160/400110/1546421/large/15665323.jpg?width
1,https://images02.fasad.eu/160/400110/1501225/large/15728069.jpg?width
1,https://images02.fasad.eu/160/400113/1565951/large/15783087.jpg?width
1,https://images02.fasad.eu/160/400110/1483591/large/15624139.jpg?width
1,https://images02.fasad.eu/160/400110/1435195/large/15699437.jpg?width
1,https://images02.fasad.eu/160/400110/1551467/large/15729887.jpg?width
1,https://images02.fasad.eu/160/400110/1560935/large/15752471.jpg?width
1,https://images02.fasad.eu/160/400110/1559423/large/15723575.jpg?width
1,https://images02.fasad.eu/160/400113/1300453/large/15705195.jpg?width
1,https://images02.fasad.eu/160/400110/1479829/large/15665695.jpg?width
1,https://images02.fasad.eu/160/400110/1562919/large/15752435.jpg?width
1,https://images02.fasad.eu/160/400110/1554011/large/15614427.jpg?width
1,https://images02.fasad.eu/160/400110/1536763/large/15650049.jpg?width
1,https://images02.fasad.eu/160/400110/1560267/large/15673201.jpg?width
1,https://archived-images01.fasad.eu/160/400110/1547137/large/15500167.jpg?width
1,https://images02.fasad.eu/160/400113/1513105/large/15671869.jpg?width
1,https://images02.fasad.eu/160/400110/1553643/large/15574245.jpg?width
1,https://images02.fasad.eu/160/400110/1555303/large/15633465.jpg?width
1,https://images02.fasad.eu/160/400110/1554347/large/15627813.jpg?width
1,https://images02.fasad.eu/160/400110/1507799/large/15180277.jpg?width
1,https://images02.fasad.eu/160/400110/1528297/large/15599295.jpg?width
1,https://images02.fasad.eu/160/400110/1553513/large/15643577.jpg?width
1,https://images02.fasad.eu/160/400110/1515905/large/15539409.jpg?width
1,https://images02.fasad.eu/160/400113/1550891/large/15586885.jpg?width
1,https://images02.fasad.eu/160/400110/1414671/large/15109649.jpg?width
1,https://images02.fasad.eu/160/400110/1494857/large/14734179.jpg?width
1,https://images02.fasad.eu/160/400110/1529517/large/15282791.jpg?width
1,https://archived-images01.fasad.eu/160/400110/1552847/large/15581703.jpg?width
1,https://images02.fasad.eu/160/400110/1528151/large/15361553.jpg?width
1,https://images02.fasad.eu/160/400110/1513229/large/15640473.jpg?width
1,https://archived-images01.fasad.eu/160/400110/1547877/large/15495083.jpg?width
1,https://images02.fasad.eu/160/400110/1532571/large/15547491.jpg?width
1,https://archived-images01.fasad.eu/160/400110/1555207/large/15597909.jpg?width
1,https://images02.fasad.eu/160/400110/1549665/large/15498249.jpg?width
1,https://images02.fasad.eu/160/400110/1426967/large/15549165.jpg?width
1,https://images02.fasad.eu/160/400110/1556361/large/15611191.jpg?width
1,https://images02.fasad.eu/160/400110/1553545/large/15550671.jpg?width
1,https://images02.fasad.eu/160/400110/1500489/large/15551451.jpg?width
1,https://images02.fasad.eu/160/400110/1499795/large/15289315.jpg?width
1,https://archived-images01.fasad.eu/160/400110/1537203/large/15518305.jpg?width
1,https://images02.fasad.eu/160/400110/1523551/large/15151387.jpg?width
1,https://images02.fasad.eu/160/400110/1541721/large/15533571.jpg?width
1,https://images02.fasad.eu/160/400110/1411285/large/15025405.jpg?width
1,https://images02.fasad.eu/160/400110/1550591/large/15633691.jpg?width
1,https://archived-images01.fasad.eu/160/400110/1549227/large/15565267.jpg?width
1,https://archived-images01.fasad.eu/160/400110/1524473/large/15492273.jpg?width
1,https://images02.fasad.eu/160/400113/1499871/large/15382957.jpg?width
1,https://archived-images01.fasad.eu/160/400110/1512755/large/15530087.jpg?width
1,https://archived-images01.fasad.eu/160/400110/129372/large/15533007.jpg?width
1,https://archived-images01.fasad.eu/160/400110/1554987/large/15579241.jpg?width
1,https://images02.fasad.eu/160/400110/1484715/large/15557345.jpg?width
1,https://images02.fasad.eu/160/400110/1533913/large/15413671.jpg?width
1,https://archived-images01.fasad.eu/160/400110/1552023/large/15529705.jpg?width
1,https://images02.fasad.eu/160/400110/1547361/large/15542369.jpg?width
1,https://archived-images01.fasad.eu/160/400110/1550187/large/15502385.jpg?width
1,https://images02.fasad.eu/160/400110/1546885/large/15456619.jpg?width
1,https://images02.fasad.eu/160/400113/1521815/large/15132371.jpg?width
1,https://images02.fasad.eu/160/400113/1533527/large/15488705.jpg?width
1,https://images02.fasad.eu/160/400110/1512193/large/15141137.jpg?width
1,https://images02.fasad.eu/160/400110/1491067/large/14782605.jpg?width
1,https://archived-images01.fasad.eu/160/400110/1546413/large/15492255.jpg?width
1,https://images02.fasad.eu/160/400110/1440541/large/15479523.jpg?width
1,https://archived-images01.fasad.eu/160/400113/1547975/large/15481643.jpg?width
1,https://images02.fasad.eu/160/400110/1405005/large/15290791.jpg?width
1,https://images02.fasad.eu/160/400110/1546543/large/15483063.jpg?width
1,https://images02.fasad.eu/160/400113/1521817/large/15132177.jpg?width
1,https://images02.fasad.eu/160/400110/1536531/large/15500053.jpg?width
1,https://images02.fasad.eu/160/400110/1529239/large/15255861.jpg?width
1,https://archived-images01.fasad.eu/160/400110/1527821/large/15452967.jpg?width
1,https://archived-images01.fasad.eu/160/400110/1548579/large/15444219.jpg?width
1,https://images02.fasad.eu/160/400110/1535973/large/15429347.jpg?width
1,https://archived-images01.fasad.eu/160/400113/1536167/large/15444909.jpg?width
1,https://images02.fasad.eu/160/400110/1537411/large/15402133.jpg?width
1,https://images02.fasad.eu/160/400110/1518935/large/15106985.jpg?width
1,https://images02.fasad.eu/160/400113/1530757/large/15298979.jpg?width
1,https://images02.fasad.eu/160/400110/1532559/large/15409843.jpg?width
1,https://images02.fasad.eu/160/400110/1537335/large/15411737.jpg?width
1,https://images02.fasad.eu/160/400110/1527931/large/15177237.jpg?width
1,https://images02.fasad.eu/160/400113/1531151/large/15365061.jpg?width
1,https://archived-images01.fasad.eu/160/400110/1522427/large/15205319.jpg?width
1,https://usr.undertone.com/userPixel/sync?partner
1,wt.vt_f
1,portal_shortcode
1,los
1,modelYear
1,pcz
1,s2cz
1,bobid
1,cat_id
1,scheme
1,mob.ct
1,umm_onload
1,navigated
1,nav_s
1,nav_sm
1,ni_red_cnt
1,ni_nav_type
1,nt_nav_s
1,nm_red_s
1,nm_red_e
1,nm_fet_s
1,nm_dns_s
1,nm_dns_e
1,nm_con_s
1,nm_con_e
1,nm_req_s
1,nm_res_s
1,nm_res_e
1,nm_dol
1,nm_doi
1,nm_docle_s
1,nm_docle_e
1,nm_doc
1,nm_loa_s
1,nm_loa_e
1,nm_unl_s
1,nm_unl_e
1,nm_ssl_s
1,nm_si
1,nm_fp
1,pmd_fver
1,md_aid
1,tag_s
1,md_sr
1,md_cr
1,md_id
1,md_ref
1,md_inu
1,md_ins
1,pmd_u_id
1,pmd_s_id
1,pm_sc_se
1,pm_sc_mean
1,pm_sc_sum
1,pm_sc_pv
1,pt_s_st
1,pto_s_st
1,jserr
1,md_ver
1,md_url
1,tagger_id
1,validator
1,ihelper
1,job_id
1,pr1cd46
1,pr1cd47
1,evr4-12
1,evr4-13
1,cd[session_started_time]
1,cd[is_new_user]
1,cd[skip_email]
1,cd[application_platform]
1,g4
1,adform_id
1,subctg
1,BCOV-Debug-Cache-Stats
1,BCOV-instance
1,X-Cache
1,Via
1,X-Amz-Cf-Id
1,MJH
1,MBB
1,QLZ
1,page_name
1,ha
1,overlay
1,X-WT-STT
1,1598203727692076?v
1,cached
1,ident
1,startURL
1,noimgoptimize
1,idrcctx
1,cm24
1,cm22
1,hostUrl
1,videoType
1,videoTitle
1,Typ
1,CustID
1,DesignID
1,SMCID
1,https://id5-sync.com/c/123/2/8/2.gif?puid
1,daaqp
1,qc-size
1,errorCode
1,errorMessage
1,DIY_SB
1,aam
1,ws_uid
1,imtype
1,instrument
1,legend
1,span
1,interval
1,generators
1,external_uid
1,lettercolor
1,numchars
1,noiselines
1,cd[idioma]
1,tall
1,yahoo_ydn_conv_io
1,yahoo_ydn_conv_label
1,_impl
1,dsp_mid
1,https://sync.taboola.com/sg/appnexus-network/1/rtb-h/?taboola_hm
1,UIBW
1,partnerguid
1,bwcookie
1,wbsh
1,ryvlg
1,https://beacon.lynx.cognitivlabs.com/pixel?type
1,mimeType
1,X-Amz-Security-Token
1,invert
1,e4
1,ci4
1,u4
1,ti4
1,ur4
1,r4
1,oh4
1,sJ
1,merchant
1,parts
1,testmode
1,order_id
1,other
1,iti
1,itp_s
1,itn
1,odi
1,odv
1,mdl_p
1,mdl_t
1,domain_lookup_time
1,server_connect_time
1,days_since_last_visit
1,shopify_cart_hyperlite_token
1,zaius_alias_shopify_cart_id
1,matchedfromstring
1,cht
1,chl
1,chld
1,ssa
1,M
1,jobs
1,apprenticeships
1,compat
1,perfconsentstart
1,perfconsentend
1,perfcorejsstart
1,perfcorejsend
1,anid
1,dealid
1,campid
1,chanid
1,ias_adpath
1,no_crop
1,zwidth
1,zheight
1,zurl
1,zv
1,zno_crop
1,smartcrop
1,0width
1,inst
1,trb.clientID
1,trb.activityID
1,theme_state_id
1,pathmap
1,cityid
1,radius
1,remote_host
1,https://uip.semasio.net/appnexusdata/1/info?sType
1,adroll_external_data
1,adroll_product_action
1,adroll_product_id
1,cd[ar_product_id]
1,cd[ar_product_action]
1,_nsi
1,_ss
1,sliderId
1,slideId
1,lb3id
1,emp_timespend
1,emp_timesessionid
1,reason
1,websiteid
1,prodid
1,il1pi4cd2
1,il1pi5cd2
1,il1pi5cd3
1,cd[trigger]
1,publickey
1,msgkey
1,https://ad.yieldlab.net/m?dt_id
1,xxx
1,external_id
1,fbounce
1,https://id5-sync.com/c/121/2/1/2.gif?puid
1,chc
1,dmn
1,dhjLcy
1,lbl
1,flbl
1,ell
1,cck
1,rdn
1,rpn
1,cont
1,urls
1,repeat
1,htmLcy
1,fa_fp[2][fa_name]
1,trackability-redirect
1,otherprov
1,timeTaken
1,svr
1,igsl
1,niab
1,nias
1,opsl
1,energie
1,https://cms.getblue.io/cm/?src
1,fromUser
1,toUser
1,fromSD
1,toSD
1,trc
1,orv
1,orc
1,sec
1,wvv
1,max_h
1,logjam_request_id
1,logjam_action
1,html_nodes
1,script_nodes
1,style_nodes
1,redirect_count
1,styleid
1,https://asset.easydmp.net/collect_v2.img.php?dmp
1,webo_id
1,mrm_id
1,c4d_uid
1,editor
1,id_sync
1,https://id5-sync.com/c/12/2/8/2.gif?puid
1,logo
1,cd[retailerID]
1,cd[ev]
1,re2
1,o2
1,atb_ptid
1,atb_dpuid
1,atb_dcaid
1,atb_dorid
1,atb_dbrid
1,pguid
1,passionpoints
1,ccc
1,ofr
1,il1pi4cm1
1,il1pi5cm1
1,fallbackSize
1,NewsItemId
1,Transmission_Id
1,DateId
1,ej
1,f_seg
1,getCaptchaImageErwFormMailCC
1,B
1,Task
1,SubAffiliateID
1,trackid
1,dt_subid1
1,dt_subid2
1,actionid
1,ratenzahlung
1,ssp_uid
1,tpd
1,pasfoto
1,data64
1,si_form_id
1,cvc
1,cpc
1,pcm
1,xb
1,xtm_source
1,xtm_content
1,xtm_medium
1,xtg
1,seat_key
1,c[]
1,v2?v
1,den
1,p12
1,myclicktag
1,elementGuid
1,ve
1,msei
1,orb
1,params
1,p26
1,il1pi11br
1,il1pi12br
1,uoId
1,adActive
1,qos.content.sourceMimeType
1,qos.events.content.play
1,qos.events.content.waiting
1,dmc
1,eximg
1,pr1cd1
1,pr1cd2
1,cm10
1,cd[id_product]
1,cd[canonical_url]
1,cd[description]
1,cd[customer_groups]
1,ud[country]
1,gdprstr
1,https://id5-sync.com/c/441/2/8/2.gif?puid
1,https://id5-sync.com/c/441/2/6/4.gif?puid
1,dci
1,ruri
1,bypass
1,cg13
1,cg14
1,cp1
1,cp4
1,cp5
1,cp7
1,cp99
1,cb42
1,dc_ref
1,brandSafety
1,sm_p
1,sm_r
1,siteNumber
1,partnerNumber
1,neoid
1,dstats
1,bsh
1,bts
1,origine
1,Utm_source
1,Utm_campaign
1,Utm_medium
1,cd[hybridCampaignSegments]
1,WT.z_newstyp
1,WT.z_arttitle
1,WT.z_arttype
1,WT.z_article
1,_dr
1,https://id5-sync.com/c/883/2/7/2.gif?puid
1,idgen
1,_ncid
1,dne
1,abpr
1,fls
1,lae
1,pbs
1,pcp
1,prs
1,prsd
1,ubc
1,vti
1,thumbw
1,cd[marketing_consent]
1,prefix
